Date,Close,High,Low,Open,Volume
2014-01-02,30.636770248413086,30.834640978031317,30.587301779746394,30.79341568161813,30632200
2014-01-03,30.430662155151367,30.686244574475417,30.17507973582732,30.669755081772337,31134800
2014-01-06,29.78757667541504,30.414161441719834,29.771087188795438,30.381182468480638,43603700
2014-01-07,30.018421173095703,30.084379115124893,29.853529463070505,29.95246637611429,35802800
2014-01-08,29.482528686523438,29.795822671911314,29.33412958296948,29.680399399675856,59971700
2014-01-09,29.29290771484375,29.606201736861216,29.185730746693256,29.58146907421859,36516300
2014-01-10,29.71337890625,29.8040695203528,29.474286040896857,29.59795563195492,40548800
2014-01-13,28.83945655822754,29.696891138455385,28.715790105052395,29.672158476830063,45901900
2014-01-14,29.499013900756836,29.581461329728445,28.550892055442105,28.63333633936588,41623300
2014-01-15,30.30698585510254,30.331721661231892,29.5567314001803,29.597956695379736,44812600
2014-01-16,30.41415786743164,30.50484846065743,29.935975391851503,30.249266165661805,38018700
2014-01-17,29.993698120117188,30.36470380019282,29.804073693644927,30.36470380019282,46267500
2014-01-21,29.8205623626709,30.356459847314547,29.729874873852633,30.356459847314547,31567300
2014-01-22,29.622690200805664,29.944227384216006,29.47428793999342,29.89475891559574,21904300
2014-01-23,29.729862213134766,29.787573838282594,29.284655551953506,29.754594868184494,43954000
2014-01-24,30.34821319580078,30.958308607272564,30.11736347830859,30.875864301413785,76395500
2014-01-27,29.70512580871582,30.414157926161927,29.663903669455664,30.39766844144834,44420800
2014-01-28,29.90300941467285,30.001943220700216,29.474292061822286,29.779339798351902,36205500
2014-01-29,30.224546432495117,30.40592769648922,29.5979614719548,29.66391629383059,52745900
2014-01-30,30.38942527770996,30.405914762426857,29.870017516794498,30.33171365372465,35036300
2014-01-31,31.19740104675293,31.238623199086955,30.14209885076846,30.463636042041937,93162300
2014-02-03,30.076141357421875,31.32107113453701,30.034919204448567,31.1149572246218,64063100
2014-02-04,29.968950271606445,30.661492881174105,29.886505995843816,30.480114845486817,54697900
2014-02-05,29.532011032104492,30.0679086422855,29.51552153617049,29.919506323929212,55814400
2014-02-06,29.828798294067383,29.886509923695513,29.424813741622547,29.515504343909015,35351800
2014-02-07,30.142099380493164,30.166832043318514,29.6886462617039,29.944228642744335,33260500
2014-02-10,30.339963912963867,30.339963912963867,29.91949296210019,30.199807977692096,26767000
2014-02-11,30.645000457763672,30.719201556852212,30.389421340384324,30.405910822964803,32141400
2014-02-12,30.892349243164062,30.999526195990555,30.752190169782033,30.793412316642087,27051800
2014-02-13,31.007783889770508,31.21389784474633,30.776937266613384,30.776937266613384,37635500
2014-02-14,31.016014099121094,31.147926849362698,30.776924401528714,30.826389717214287,31407500
2014-02-18,31.082469940185547,31.381500103126257,31.074164955051526,31.256906314322464,32834000
2014-02-19,31.157228469848633,31.356582974347354,30.908037715699493,30.916345869729465,29750400
2014-02-20,31.356569290161133,31.456244914595302,31.065847398631895,31.20705426919439,27526100
2014-02-21,31.547622680664062,31.854957773766646,31.447947033723274,31.514396408806572,38021300
2014-02-24,31.306739807128906,31.547625547034713,31.182146029290433,31.306739807128906,32085100
2014-02-25,31.182147979736328,31.439643704554733,31.024324748517643,31.240292380090946,30736500
2014-02-26,31.123994827270508,31.348267380700637,30.89141412262188,31.21536547888626,41041800
2014-02-27,31.447935104370117,31.472853214495043,30.92463261133332,31.10737386859739,33903400
2014-02-28,31.821725845336914,31.946319577301068,31.41471204954007,31.54761393148032,41215000
2014-03-03,31.38149642944336,31.67222157321624,31.140613865168767,31.497785219499757,29717500
2014-03-04,31.904800415039062,31.962944812366647,31.62238341289137,31.730367223056312,26802400
2014-03-05,31.65559959411621,31.788501484005494,31.50608457191189,31.771888351690457,20520100
2014-03-06,31.6888370513916,31.76359458889847,31.47286942364637,31.680528897984104,23582200
2014-03-07,31.481172561645508,31.86326517308233,31.306736222831645,31.796812630937694,26591600
2014-03-10,31.414718627929688,31.57253865558486,31.331656122559906,31.55592868941608,19006600
2014-03-11,31.58085823059082,31.755291456141467,31.33166745571381,31.456261258836005,25216400
2014-03-12,31.788516998291016,31.921418953042675,31.389811134036027,31.398116119931267,30494100
2014-03-13,31.472869873046875,31.938028242912953,31.26521039574397,31.913106950966736,32169700
2014-03-14,31.31505584716797,31.680535456961874,31.157232586071803,31.27352457742842,27195600
2014-03-17,31.605764389038086,31.904794473107028,31.389799977561303,31.48117063309697,20479600
2014-03-18,32.85172653198242,33.142451682415654,31.74697983250561,31.780202938545788,64063900
2014-03-19,32.61914825439453,32.85172583490048,32.32011812595437,32.78527645559816,35597200
2014-03-20,33.4996223449707,33.7654261743884,32.59422706081929,32.602532044212275,59269800
2014-03-21,33.358421325683594,34.00631793953233,33.23382436057463,33.82357973764028,80721800
2014-03-24,33.640830993652344,33.757119778995,33.109223307153485,33.50792907202763,46098400
2014-03-25,33.5079345703125,34.047850497862555,33.19229126642329,33.77373845717744,43193100
2014-03-26,33.05107116699219,33.815256245044004,32.89324799362378,33.62420997553105,41977500
2014-03-27,32.693904876708984,33.20059445039571,32.677291740187734,33.00954813334907,35369200
2014-03-28,33.474700927734375,33.75711789147459,32.95970640631336,33.05107706643984,43472700
2014-03-31,34.047847747802734,34.47147166807984,33.557771276860656,33.58268939904401,46886300
2014-04-01,34.405006408691406,34.546216442377464,34.11428452850077,34.180737054619115,32605000
2014-04-02,34.346866607666016,34.604365427727245,34.19735157261515,34.42162412519145,28666700
2014-04-03,34.064453125,34.29703385234384,33.81526243086093,34.29703385234384,30139600
2014-04-04,33.11754608154297,34.3801165995396,32.92649966461784,34.26382775172721,51409600
2014-04-07,33.05939865112305,33.449799606389156,33.0095623886691,33.192300632055506,37559600
2014-04-08,33.07600402832031,33.167374712875564,32.56100936921085,33.01785962335468,35918600
2014-04-09,33.61589431762695,33.68234365744351,33.1258181580386,33.16734939150269,27398700
2014-04-10,32.693904876708984,33.7986515220016,32.46963228661985,33.590992068433714,45960800
2014-04-11,32.56930923461914,33.051080707032824,32.39487604714464,32.39487604714464,34330200
2014-04-14,32.54438400268555,32.7354302856023,32.31180647020102,32.486239619564415,32006600
2014-04-15,33.01784133911133,33.19227445741263,32.43639444280965,32.67728008349088,33968700
2014-04-16,33.55776596069336,33.57437592709626,33.15075207392896,33.27534900237132,30615800
2014-04-17,33.23381042480469,33.391633603581155,32.818491606771666,33.23381042480469,36688400
2014-04-21,33.1756706237793,33.35010695959432,33.05107686234749,33.33349382434376,22221200
2014-04-22,33.21720504760742,33.34179880904443,33.08430313422902,33.192283760414774,27056700
2014-04-23,32.968017578125,33.21721148656689,32.7852793922017,33.21721148656689,24602800
2014-04-24,33.10922622680664,33.20059690009938,32.64406787578545,33.0095505689564,42381600
2014-04-25,33.15074920654297,33.790340591204476,33.01784730639456,33.46639240763217,56876800
2014-04-28,33.94816589355469,34.29703541616181,33.300269425525116,33.34180068167004,50610200
2014-04-29,33.64913558959961,34.21396954215167,33.549459941687985,34.13921201406003,29636200
2014-04-30,33.55776596069336,33.64082846723392,33.36671649211333,33.55776596069336,35458700
2014-05-01,33.22551727294922,33.52454743538692,33.18398601008448,33.4248717707851,28787400
2014-05-02,32.968017578125,33.50793348823952,32.94309945473368,33.48301536484821,43416600
2014-05-05,32.75204849243164,32.926481668814645,32.6440646919238,32.826806020686035,22460900
2014-05-06,32.4447021484375,32.685584617191736,32.35333151573079,32.63574839471944,27112400
2014-05-07,32.74373245239258,32.81848996263858,31.987852368185628,32.577607468406754,41744500
2014-05-08,32.926490783691406,33.142458444492334,32.36996482822863,32.67730001007177,32120400
2014-05-09,32.84341812133789,33.10091380160456,32.70220805302863,32.84341812133789,29647600
2014-05-12,33.20058059692383,33.24211183658147,32.934776860758326,33.00953435959428,22782600
2014-05-13,33.81123733520508,33.87815868650586,33.33443387563681,33.392988462532166,27004800
2014-05-14,33.660667419433594,33.83633116312082,33.50173082096723,33.71085523706688,18818700
2014-05-15,33.12531280517578,33.79451362223872,33.0500278728055,33.535198146077526,37793200
2014-05-16,33.317718505859375,33.32608208223548,32.849278454127884,33.18387575594742,29867100
2014-05-19,33.250789642333984,33.30934423673971,33.0082044992325,33.13368045352253,24537400
2014-05-20,33.19223403930664,33.4097220703496,33.00820349620307,33.19223403930664,21320900
2014-05-21,33.75267791748047,33.75267791748047,33.24241704627822,33.29260486158505,22398700
2014-05-22,33.54355239868164,33.75267679815219,33.334427999211094,33.70248898450972,20201800
2014-05-23,33.56026840209961,33.76939271226645,33.459889626694974,33.76939271226645,18020000
2014-05-27,33.61884689331055,33.6774014865747,33.300980013015426,33.6774014865747,26160600
2014-05-28,33.4682731628418,33.6188430112733,33.30933974104661,33.57701876248358,25711500
2014-05-29,33.74431610107422,33.75267967373214,33.384621848061705,33.585382692690814,19888200
2014-05-30,34.246212005615234,34.271309104518686,33.66902978659964,33.83632995168662,34567600
2014-06-02,34.12074661254883,34.37169531865205,34.02873134241426,34.25458613520294,18504300
2014-06-03,33.702491760253906,34.028725339739005,33.66903108774637,33.96180399472393,18068900
2014-06-04,33.72758483886719,33.769409082979344,33.342796687458936,33.635569587229284,23209000
2014-06-05,34.4720573425293,34.50551800461244,33.79449648575963,33.95342984417802,31865200
2014-06-06,34.69792175292969,34.84849158353283,34.49716410611568,34.69792175292969,24060500
2014-06-09,34.52227020263672,34.69793400336506,34.31314571863067,34.622649061483436,15019200
2014-06-10,34.38842010498047,34.43024435074644,34.1792956851652,34.321498758966584,15117700
2014-06-11,34.17930603027344,34.35496983025022,34.1040210887139,34.2378606302657,18040000
2014-06-12,33.94507598876953,34.196024644242485,33.702490905718726,34.13747006433164,29818900
2014-06-13,34.488792419433594,34.773201704308,34.17928923003594,34.38004684819152,26310000
2014-06-16,34.714656829833984,34.80667209343463,34.3298686284001,34.3298686284001,24205300
2014-06-17,34.8652229309082,35.057617010931295,33.74431593221928,34.53898935213056,22518600
2014-06-18,34.84014129638672,34.91542624039591,34.44698623422912,34.80668061216342,27097000
2014-06-19,34.723026275634766,34.94051751565172,34.572459589989656,34.77321729817397,19828200
2014-06-20,34.8652229309082,34.990698857046695,34.61427426961658,34.67282885088511,47764900
2014-06-23,35.124549865722656,35.132913441079374,34.87359793121154,34.90705861461121,18743900
2014-06-24,34.92379379272461,35.082727274403304,34.764860311045915,34.99071516879154,26509100
2014-06-25,35.15799331665039,35.17472365166842,34.68118993708441,34.881950766315676,20049100
2014-06-26,34.898681640625,35.08270894669689,34.65609656559254,35.07434537455119,23604400
2014-06-27,35.34203338623047,35.37549406533218,34.723023586792834,34.806675284547104,74640000
2014-06-30,34.8819580078125,35.30857047088916,34.8819580078125,35.27510979390665,30793100
2014-07-01,35.02415084838867,35.25837232773346,34.87358103701875,35.01578727708361,26917000
2014-07-02,35.049251556396484,35.049251556396484,34.73974513946947,34.907045301676064,20208100
2014-07-03,34.96560287475586,35.12453947840907,34.76484521570033,35.057618131400254,15969300
2014-07-07,35.124549865722656,35.23329230029198,34.890328272911376,34.92378895631104,21952400
2014-07-08,34.94887924194336,35.13290979053312,34.80667613875023,35.0241641762768,31218200
2014-07-09,34.85686111450195,35.12454334098826,34.73975193534371,35.11617657619935,18445900
2014-07-10,34.87359619140625,35.13291168833712,34.33823804766558,34.60591711953591,21854700
2014-07-11,35.20818328857422,35.20818328857422,34.697919253945095,34.88194974275823,24083000
2014-07-14,35.25001907348633,35.50933455710258,35.16637056444164,35.316940433510936,21881100
2014-07-15,35.50932693481445,35.52605727122934,35.157996252072614,35.40894810731052,28748700
2014-07-16,36.87281036376953,37.065204400801065,35.534412484311346,35.559506387537525,63318000
2014-07-17,37.249244689941406,38.23631231416361,37.015026335375374,38.01882429792169,82180300
2014-07-18,37.383094787597656,37.508570765054145,37.01503681323817,37.349637292464365,43407500
2014-07-21,37.50856018066406,37.77623921211509,36.98993245610093,37.27434182589086,37604400
2014-07-22,37.50018310546875,37.76786204054498,37.299422308669264,37.64238614367223,43095800
2014-07-23,37.53365707397461,38.01882735138272,37.32453261460615,38.01882735138272,52362900
2014-07-24,37.1405029296875,37.64240032428363,37.073581575215584,37.583845734613604,30725300
2014-07-25,37.22414779663086,37.35798730151865,37.05684761777474,37.05684761777474,26737700
2014-07-28,36.780799865722656,37.23250613686895,36.74733919645699,37.10703341360028,29684200
2014-07-29,36.71389389038086,36.88119411573211,36.5047694064384,36.73062423201463,27763100
2014-07-30,36.4545783996582,36.88955448033187,36.211993253561886,36.864460565558495,31921400
2014-07-31,36.103233337402344,36.546576008049755,36.03631519418427,36.28726381547554,31537500
2014-08-01,35.85230255126953,36.17853624033553,35.63481129790124,36.14507555658865,31170300
2014-08-04,36.27891540527344,36.362567115343175,35.81047859282873,35.94431813795386,34277400
2014-08-05,36.036312103271484,36.35417884051672,35.82718773830167,36.22870613612557,26266400
2014-08-06,35.75193786621094,36.1116291906505,35.30859160824961,35.75193786621094,24634000
2014-08-07,36.161800384521484,36.34583092608197,35.676633308115576,35.835566745199486,30314900
2014-08-08,36.1367073059082,36.23708615317576,35.89412216660776,36.161801219978585,28942700
2014-08-11,36.1367073059082,36.34583176579079,35.98613743951386,36.18689513404897,20351600
2014-08-12,36.40437316894531,36.46292774121758,35.969394067076436,36.00285473437055,21431100
2014-08-13,36.87281036376953,36.95645883517989,36.404370627311465,36.53821009615882,22889500
2014-08-14,37.03175735473633,37.15723010799604,36.81426614350885,36.87282392421303,19313200
2014-08-15,37.46673583984375,37.55875110499269,37.140502220487136,37.291072074187994,41611300
2014-08-18,37.73440933227539,37.73440933227539,37.37471508911497,37.59220307310288,26891100
2014-08-19,38.15526580810547,38.163681616627954,37.734404741848394,37.85224532665396,28139500
2014-08-20,37.835418701171875,38.214194385102424,37.79333322760533,38.163689890273076,24770500
2014-08-21,38.06269073486328,38.087941381213945,37.73441948863922,37.74283530045065,22285500
2014-08-22,38.00375747680664,38.27310831587098,37.936418161582914,38.17209934303539,18294500
2014-08-25,38.02061080932617,38.247876311630975,37.9111891759668,38.214209845706534,16910000
2014-08-26,37.885921478271484,38.21419589122668,37.82700117077295,38.13844075145486,14873100
2014-08-27,37.7680778503418,37.877502645930875,37.67548788568301,37.79333170219508,21287900
2014-08-28,37.7765007019043,37.860671654175256,37.5492352776735,37.66707589521925,17657600
2014-08-29,38.239444732666016,38.24786054294821,37.75966327368628,37.95325901933461,21607600
2014-09-02,37.95325469970703,38.264691019354856,37.7512399558529,38.23944038046638,22976800
2014-09-03,37.84383773803711,37.97009738041731,37.481896854857716,37.481896854857716,33684500
2014-09-04,38.096343994140625,38.10476301395156,37.6418164627228,37.65865129142942,26475500
2014-09-05,38.64347457885742,38.660309411872554,37.97009731283251,37.97009731283251,36939400
2014-09-08,39.114837646484375,39.39260434530968,38.710811313973835,38.736061956344535,45736700
2014-09-09,39.35893249511719,39.535696614640294,39.072746790788926,39.11483547362319,40302400
2014-09-10,39.426265716552734,39.51043664736197,38.95490015564152,39.40943088820785,27302400
2014-09-11,39.56094741821289,39.56094741821289,39.114835634394154,39.34210103678738,29216400
2014-09-12,39.30843734741211,39.577788262823034,39.224263179523575,39.485198283603744,38244700
2014-09-15,38.921241760253906,39.31684906998212,38.80339793746514,39.17375781582669,37667600
2014-09-16,39.35893249511719,39.43468762893689,38.96332520598377,39.047496149820915,27910600
2014-09-17,39.15692901611328,39.30002029231188,38.91282873339247,38.938079379564854,38311900
2014-09-18,39.291595458984375,39.41785508268902,39.10641553379506,39.21584032694471,35556600
2014-09-19,39.99864959716797,40.040735075788454,39.22426330470305,39.401027452375,202522400
2014-09-22,39.6114501953125,39.880801058129066,39.544110874150576,39.81346173696715,38686100
2014-09-23,39.19058609008789,39.544107866553574,39.114830965000195,39.43468308344573,33430300
2014-09-24,39.6282958984375,39.653546545343474,39.005419850453166,39.24952014026571,26582700
2014-09-25,38.75288772583008,39.636695322199856,38.74446870639806,39.45993444510892,33077400
2014-09-26,39.064327239990234,39.24108813167112,38.517206524693734,38.66030096861306,27078800
2014-09-29,39.08959197998047,39.190600992449966,38.517220419652816,38.702400398263684,26091000
2014-09-30,39.022239685058594,39.12324544477191,38.727635003764874,39.030655493820035,33033100
2014-10-01,38.63505554199219,39.1653382885708,38.59296685751049,38.946491899478715,38088400
2014-10-02,38.517215728759766,38.803401474069915,38.41620993950799,38.57613925098246,25119400
2014-10-03,38.79497528076172,38.971736167377635,38.390949020961635,38.70238532751092,32453200
2014-10-06,38.79497528076172,38.971736167377635,38.651880840942674,38.82022591858819,20604000
2014-10-07,38.323604583740234,38.660294694033986,38.23101464286371,38.601374406369814,25723700
2014-10-08,39.37576675415039,39.46835671757583,38.16368784155573,38.28152844558242,33031000
2014-10-09,38.59297561645508,39.392612639353345,38.50038883796324,39.14009652973193,34422800
2014-10-10,37.06103515625,38.82023504902966,36.993699035903646,38.38253902857219,51978100
2014-10-13,36.74118423461914,37.507151494148815,36.60650877835841,36.884275502120346,37100200
2014-10-14,36.80851364135742,37.35563438873151,36.66542239996407,36.926354242720315,38115700
2014-10-15,36.37924575805664,36.52233703505361,35.43651429075421,36.19406578931574,60218700
2014-10-16,35.9752311706543,36.261417029499725,35.537534962366145,35.79846695569284,49040400
2014-10-17,36.724342346191406,36.9852741864292,36.017295533922706,36.36240152497555,40683300
2014-10-20,37.103118896484375,37.15362017728138,36.03413123710098,36.24456180286348,34527900
2014-10-21,37.7765007019043,37.860671654175256,37.19571021412026,37.338804686080096,36433800
2014-10-22,37.35564041137695,37.936427702123616,37.22938076903738,37.87750739194277,33570900
2014-10-23,37.89433670043945,38.25627753073575,37.48189137838706,37.557646510563394,45451900
2014-10-24,38.82865524291992,39.47678187676172,38.029018320080496,39.41786156558666,61076700
2014-10-27,38.64347457885742,38.80340067612706,38.475129459622174,38.475129459622174,30371300
2014-10-28,39.13167190551758,39.140087715879325,38.52563081016574,38.60138594708472,29049800
2014-10-29,39.2411003112793,39.308439649533895,39.005419049220976,39.08959001112284,30276100
2014-10-30,38.761314392089844,38.98857981668866,38.525633156616706,38.98857981668866,30073900
2014-10-31,39.518863677978516,39.53569850973604,39.1232531589663,39.51044465664183,35849700
2014-11-03,39.931312561035156,39.94814739563558,39.33369038184385,39.46836584773085,23130400
2014-11-04,40.04072952270508,40.17540496216276,39.77137864378971,39.813464116573535,21530800
2014-11-05,40.28482437133789,40.31849402942735,39.779789132741996,40.23431988420371,22449600
2014-11-06,40.99186706542969,41.12654247349657,40.225900080002745,40.28482037034982,33037800
2014-11-07,40.97505187988281,41.17706348336203,40.64678061604167,41.17706348336203,28000600
2014-11-10,41.151798248291016,41.370647820552335,40.865612569044565,40.94978671642023,36370100
2014-11-11,41.13497543334961,41.202314770918335,40.9497986768683,41.11814059895743,23445200
2014-11-12,41.05922317504883,41.17706381317499,40.84037673437403,40.8740464055291,22722100
2014-11-13,41.75784683227539,41.79151649732662,41.00029542320277,41.08446958583083,26210400
2014-11-14,41.73257827758789,42.12818543394175,41.57264904269318,41.867253669074984,29081700
2014-11-17,41.6315803527832,41.84201090840089,41.3622294984658,41.589494883842754,30318600
2014-11-18,41.2843132019043,41.78406187342252,41.25043116932071,41.61465494167307,23995500
2014-11-19,40.843833923339844,41.29275929814635,40.598194169470865,41.216526382503105,26177500
2014-11-20,41.25041198730469,41.25041198730469,40.54737467837557,40.657489617483,21510600
2014-11-21,40.640567779541016,41.546891154623836,40.29328502115571,41.521481245600285,42884800
2014-11-24,40.310218811035156,40.65750150716212,40.140811908521734,40.64903261606201,35434200
2014-11-25,40.208587646484375,40.63210341025634,40.19164662819324,40.369522473496936,28008000
2014-11-26,40.44573974609375,40.64902865553655,40.047634048650714,40.225513056101015,27163600
2014-11-28,40.496559143066406,40.82690076396167,40.327152272278056,40.61514298326806,21534400
2014-12-01,41.18266677856445,41.31819167665886,40.41186831480841,40.555865336565965,31191600
2014-12-02,41.04713821411133,41.54688683704066,40.826911486066884,41.36901103002382,25773500
2014-12-03,40.725257873535156,41.08100939361231,40.49655908298528,41.030186363101016,23534800
2014-12-04,41.369014739990234,41.555362686625145,40.82691514741789,40.98784995422267,30320400
2014-12-05,41.013248443603516,41.47911818047911,40.97936965187692,41.35206221020985,27313400
2014-12-08,40.40339660644531,40.95396505294643,40.19163876598299,40.87773210113326,26663100
2014-12-09,40.310218811035156,40.58973745368959,39.852821143599286,39.90364418370369,24330500
2014-12-10,39.725772857666016,40.36951528221106,39.556365936101024,40.301754452286026,30431800
2014-12-11,39.954463958740234,40.43727476140262,39.539420440660805,39.87823424540018,29060400
2014-12-12,39.76811218261719,40.42879542975928,39.53094126912548,39.62411521037215,34248400
2014-12-15,39.53095245361328,40.3779838228992,39.42930959402608,39.97988127652923,29247800
2014-12-16,38.25193405151367,39.251431261585886,38.226524146040525,38.878738646251584,47801400
2014-12-17,38.743202209472656,38.9210779570671,38.03169598792782,38.15874870856653,34970900
2014-12-18,40.25092697143555,40.25092697143555,39.25142979861634,39.45471872832869,40105600
2014-12-19,40.369503021240234,40.74219555055493,39.95445635102183,40.34409312163184,64551200
2014-12-22,40.640567779541016,40.7591516632089,40.4118689048236,40.47116084665754,26566000
2014-12-23,41.03866195678711,41.33512158194017,40.767612233456425,40.970897910370645,23648100
2014-12-24,40.776084899902344,41.19960053572379,40.72526509155121,41.19960053572379,11437800
2014-12-26,40.55586624145508,41.004791870565235,40.505043191847534,41.004791870565235,13197800
2014-12-29,40.19164276123047,40.4711614582188,40.03070471853341,40.40340062274257,14439500
2014-12-30,39.82740020751953,40.33561754312307,39.674934360605064,40.183151696208604,16384700
2014-12-31,39.344608306884766,40.18316756490188,39.344608306884766,39.58177605967049,21552500
2015-01-02,39.60718536376953,40.16622593765409,39.420840659920174,39.522483519398754,27913900
2015-01-05,39.24296569824219,39.5817763142339,39.17520163634286,39.27684449802354,39673900
2015-01-06,38.666969299316406,39.598702175689326,38.5737953654457,39.28530158726092,36447900
2015-01-07,39.158260345458984,39.35307717529689,38.53145893314019,38.94650250026539,29114100
2015-01-08,40.310218811035156,40.445743686812314,39.57330250094486,39.5987124054131,29645200
2015-01-09,39.97140121459961,40.50503177599165,39.72576462198083,40.327155999250174,23944200
2015-01-12,39.471641540527344,40.26785271283056,39.26835591908115,40.166206670940774,23651900
2015-01-13,39.268375396728516,40.5812733929366,39.01426662829603,39.78506505686994,35270600
2015-01-14,38.9295654296875,39.166736437531576,38.641574601795035,38.9295654296875,29719600
2015-01-15,38.522979736328125,39.28530913151423,38.463687809054505,39.149784264722,32750800
2015-01-16,39.16673278808594,39.20061158790526,38.26040623059236,38.37899333904909,35695300
2015-01-20,39.29378128051758,39.514011226797486,38.599215876714105,39.217548334677296,36161900
2015-01-21,38.89567947387695,39.08202741171545,38.52298682936826,38.912620489241206,39081100
2015-01-22,39.92057800292969,39.92904689250361,39.03119596397086,39.28530465636376,35898000
2015-01-23,39.96293640136719,40.14081219625576,39.64106360740125,40.11540229160537,26211600
2015-01-26,39.818946838378906,39.920592938298476,39.166735468655304,39.81047794563655,42525500
2015-01-27,36.134361267089844,36.59175902227076,35.66849461918419,36.38000116129832,169164000
2015-01-28,34.88922119140625,36.24447333082105,34.863811284116714,36.2021224082824,84507100
2015-01-29,35.58379364013672,35.67696762669774,34.55041735660179,34.669001255436214,63585300
2015-01-30,34.220054626464844,35.21955149223834,34.177700490375365,35.19413836435127,78004900
2015-02-02,34.96543502807617,35.04166793943486,34.07605321633583,34.38098486177058,50352500
2015-02-03,35.23649978637695,35.51602165839568,34.77063323084697,35.26191292184913,52082400
2015-02-04,35.439781188964844,35.753181789785245,35.03320665058959,35.524483006105314,41614800
2015-02-05,35.95648193359375,36.117416729020974,35.456733301177586,35.76166510823399,36548200
2015-02-06,35.9225959777832,36.24446876462931,35.7023692696261,36.15129480808166,34616600
2015-02-09,35.8802490234375,36.202121845833425,35.75319302662726,35.77860616469024,31381100
2015-02-10,36.08351516723633,36.22751210092058,35.72776373901606,36.20210220780955,29670700
2015-02-11,35.897178649902344,36.12587743290426,35.75318168378979,36.12587743290426,38262500
2015-02-12,36.49858093261719,36.49858093261719,36.007301199573504,36.134357194303604,33268800
2015-02-13,37.15925216674805,37.15925216674805,36.54939199303988,36.74420875156013,40264900
2015-02-17,37.17631912231445,37.53460240142098,36.84362332207818,37.50901166838834,33695700
2015-02-18,37.13364791870117,37.2786696045062,37.0142202093094,37.218955749810306,27111700
2015-02-19,37.108089447021484,37.133680191514586,36.724212008805736,36.83511065854892,27603400
2015-02-20,37.415184020996094,37.43224559868233,36.928940446509536,37.11661129273174,29721100
2015-02-23,37.662567138671875,37.69668703546242,37.23603751424371,37.278689825853974,32518800
2015-02-24,37.61138916015625,37.79053085355709,37.46636736966745,37.66257389576936,25271700
2015-02-25,37.526065826416016,37.61137042244303,37.363982538138245,37.491942686340515,29759800
2015-02-26,37.58578872680664,37.730807225734694,37.440766973716066,37.526074844405386,28957300
2015-02-27,37.40664291381836,37.70521557271079,37.24456284470243,37.64550169176479,33807700
2015-03-02,37.4322395324707,37.69668580834361,37.15072842751385,37.25309462287876,31924000
2015-03-03,36.92039489746094,37.38957998152847,36.75831484834073,37.159253645939515,31748600
2015-03-04,36.73272705078125,36.86068396688332,36.57917614812892,36.69007149125159,25748700
2015-03-05,36.775390625,36.88628925626694,36.528002622236556,36.74126746858505,23193500
2015-03-06,36.135597229003906,36.77539178828751,35.95645553340371,36.68155473225977,36248800
2015-03-09,36.5535888671875,36.79244767855454,35.99056987223283,35.99056987223283,32108000
2015-03-10,35.85408401489258,36.43416464254024,35.85408401489258,36.12706275094286,39159700
2015-03-11,35.81140899658203,36.14410141686341,35.69198128203602,36.092919970150064,32215300
2015-03-12,34.992496490478516,35.52992481614904,34.8560071185486,35.256946072289196,59992500
2015-03-13,35.299591064453125,35.376366523614216,34.64273508144439,34.719510540605484,58007700
2015-03-16,35.453125,35.5213680120297,35.21426632249336,35.37634957761591,35273500
2015-03-17,35.57257843017578,35.6834770658335,35.10339640046558,35.291067259851594,31673400
2015-03-18,36.25501251220703,36.53652358312324,35.256934906221815,35.34223951635033,44194800
2015-03-19,36.075870513916016,36.33178759587796,36.01615663659697,36.05027652780625,33879100
2015-03-20,36.57918930053711,36.664493941943945,36.246496643221576,36.30621054303906,71904500
2015-03-23,36.56211853027344,36.79244490916759,36.493872230973246,36.57918010509849,26246100
2015-03-24,36.59623718261719,36.82656027904431,36.46827701423567,36.49386774624707,25513300
2015-03-25,35.367855072021484,36.621853896854894,35.35079348718839,36.61332147735606,43469900
2015-03-26,35.15456008911133,35.4957849857298,34.90717220177103,35.163092501315774,37495600
2015-03-27,34.94983673095703,35.342243184940365,34.830408962715374,35.07779365943197,34401400
2015-03-30,34.94131088256836,35.43608687730278,34.89865856506169,35.060738673252324,35049700
2015-03-31,34.68539047241211,35.00102149737423,34.58302426915792,34.7877566756663,34887200
2015-04-01,34.736572265625,34.77069216105106,34.386818117747296,34.63420281685885,36865300
2015-04-02,34.369754791259766,34.75363206916145,34.22473303998025,34.685385773462265,37487500
2015-04-06,35.444618225097656,35.64082150105927,34.275927731690025,34.41241710862695,39223700
2015-04-07,35.42754364013672,35.751707011667136,35.23987284959784,35.49578993063249,28809400
2015-04-08,35.33369445800781,35.564020727922916,35.00953445219643,35.36781759151252,24753400
2015-04-09,35.3848991394043,35.50432691994812,35.18869589220188,35.18869589220188,25723900
2015-04-10,35.589630126953125,35.78583334838298,35.32518060894113,35.51285467037948,28022000
2015-04-13,35.623741149902344,35.87966144419245,35.30811024221606,35.316642654245314,30276700
2015-04-14,35.52991485595703,35.85407498956589,35.30811765489581,35.657871775803976,24244400
2015-04-15,36.05028533935547,36.22089785375262,35.55551262718309,35.62375568044412,27343600
2015-04-16,35.9649658203125,36.118516694286,35.6749256421583,35.78582421873065,22509700
2015-04-17,35.50431823730469,35.60668767059016,35.11191183886352,35.54697054075922,42387600
2015-04-20,36.60477066040039,36.82656462371093,35.55550822003537,35.598160529807096,46057700
2015-04-21,36.37444305419922,36.80950506000072,36.28060602337291,36.681544880844385,26013800
2015-04-22,36.67301940917969,36.79244718618352,36.29767124812437,36.40003744924724,25064300
2015-04-23,36.971588134765625,37.20191452344794,36.51093535740099,36.587710820295094,46309500
2015-04-24,40.83592987060547,41.066256171091865,38.94214126798659,38.95067042541429,130933700
2015-04-27,40.972434997558594,41.0577428756005,40.28145908331458,40.28998824403737,59248200
2015-04-28,41.9363899230957,41.97904223204071,40.690924278591005,40.759167322070496,60730800
2015-04-29,41.85108947753906,42.06435429768807,41.37337510890665,41.56104919196991,47804600
2015-04-30,41.49281311035156,42.2605679537094,41.4586899497215,41.54399785129666,64725500
2015-05-01,41.50986099243164,41.69753505980091,41.28806702985557,41.4416179478554,38937300
2015-05-04,41.15156936645508,41.68899421663451,41.100384652749526,41.26246469824081,34039500
2015-05-05,40.60559844970703,41.08331255945647,40.35821386556073,40.793272431065944,50369200
2015-05-06,39.479576110839844,40.75063566619627,39.257782165411896,40.580023186702725,52433000
2015-05-07,39.83788299560547,40.17057571079492,39.37723004188282,39.47106711625195,32971700
2015-05-08,40.73358154296875,40.9297847913149,40.53737829462259,40.56296903227032,35364900
2015-05-11,40.409400939941406,40.870053546981936,40.409400939941406,40.56295180895492,24609400
2015-05-12,40.39235305786133,40.67386416449815,39.59900771718281,39.96582344477235,29928300
2015-05-13,40.631221771240234,41.21983160947162,40.58003703367788,41.108932971834925,34184600
2015-05-14,41.561038970947266,41.646343576362916,40.97242612942813,40.97242612942813,32980900
2015-05-15,41.20275115966797,41.72311769698824,40.98948639874405,41.68899455424153,28642700
2015-05-18,40.95536422729492,41.134509103882735,40.614142554221445,40.92977349670898,24136500
2015-05-19,40.85234069824219,41.049819035742914,40.508898117616724,40.835168241679796,28574800
2015-05-20,40.85234069824219,41.15285049980608,40.586172534491894,40.68920399855506,25047900
2015-05-21,40.7149543762207,40.869503184654384,40.362927262635246,40.594750475285764,22410700
2015-05-22,40.26848602294922,40.65485479120313,40.19979620395511,40.611925291987234,25720600
2015-05-26,40.00232696533203,40.25132270272582,39.65888434304325,40.20839319376762,29581900
2015-05-27,40.878089904785156,41.01546625562356,40.028071482196545,40.19979273957218,27335600
2015-05-28,40.74073028564453,41.230133941205075,40.68921290468114,40.783659798791405,19283700
2015-05-29,40.234130859375,40.84373810868431,40.00230769231864,40.72353423139065,36519600
2015-06-01,40.551822662353516,41.015469106906,40.02807426483802,40.40586171238928,28837300
2015-06-02,40.285667419433594,40.65486712021346,40.02808707071346,40.29425528706764,21498300
2015-06-03,40.225555419921875,40.98971495858422,40.19979837406406,40.67202944155309,28002200
2015-06-04,39.804847717285156,40.49172967125194,39.6674713264918,40.17404738166321,27745500
2015-06-05,39.615962982177734,39.942233212927206,39.358382600138576,39.76192727303102,25438100
2015-06-08,39.2639274597168,39.8649504086109,39.21241008399048,39.75333106552633,22121600
2015-06-09,39.19523239135742,39.44422479836558,39.032095707963855,39.28967598005107,24406100
2015-06-10,40.01949691772461,40.208390675684974,39.2295802460542,39.31544253390499,28417400
2015-06-11,39.873538970947266,40.28566819186394,39.60737402480152,40.06243275877604,27347800
2015-06-12,39.469993591308594,39.899295228715694,39.409891624096524,39.68464441001215,23931000
2015-06-15,39.04927062988281,39.19523486765091,38.6543139693756,39.02351358364006,33254500
2015-06-16,39.349788665771484,39.70181586856625,38.89472671436985,38.937656221966975,27070300
2015-06-17,39.469993591308594,39.55585260866539,38.94624506962208,39.2639273642161,28704100
2015-06-18,40.11395263671875,40.18263920682464,39.64171813775031,39.68465092879261,32658300
2015-06-19,39.581600189208984,40.20838331214437,39.48715660283606,40.174038403293785,63837000
2015-06-22,39.69322204589844,40.113939017969265,39.63312008921846,39.779084323520536,20318100
2015-06-23,39.41846466064453,39.73614686211372,39.16946899786381,39.60735837383137,25896500
2015-06-24,39.186649322509766,39.710397795867216,39.10937490389455,39.21240637027775,34890900
2015-06-25,39.19523239135742,39.547259527449164,39.06644061765838,39.52149920752284,20616000
2015-06-26,38.860382080078125,39.736157797720885,38.66290372344959,39.195240102512436,49835300
2015-06-29,38.09621810913086,38.83461728908655,38.08763351938501,38.67148388142854,34081700
2015-06-30,37.9073371887207,38.39674081006609,37.72702800561055,38.38815294284997,35945400
2015-07-01,38.164913177490234,38.83462263034661,37.864400090079606,38.173497768416794,28343900
2015-07-02,38.12199783325195,38.42250775698042,37.83007250363893,38.19068441211309,21752000
2015-07-06,38.11339569091797,38.19067011026895,37.735611460375026,37.74419605127567,23034000
2015-07-07,38.0361328125,38.19926956691288,37.19470181054399,38.070477737146106,36435800
2015-07-08,37.984615325927734,38.551293430990334,37.80430612521218,38.156333383276646,39785900
2015-07-09,38.225006103515625,38.826028860943744,38.207833650410755,38.422484401255765,32424700
2015-07-10,38.302284240722656,38.75734282879975,38.26793933116303,38.64572351038639,25465800
2015-07-13,39.100791931152344,39.1694784864798,38.594215893780735,38.6199729426146,28178300
2015-07-14,39.16947555541992,39.461400763167404,38.903310669890054,39.02351458920176,22880300
2015-07-15,39.2896728515625,39.401292161526456,39.00633555742089,39.220986312953556,26629600
2015-07-16,40.06240463256836,40.0881616672577,39.46996990754628,39.50431152869554,26271700
2015-07-17,40.02808380126953,40.165460194386995,39.71898609792735,39.967981833987615,29467100
2015-07-20,40.285667419433594,40.46597661131834,39.87353820641901,40.05384739830376,30631900
2015-07-21,40.594757080078125,40.63768985909207,39.90787519490047,40.165455492428194,42781900
2015-07-22,39.100791931152344,40.29424989835544,38.808866701560035,39.01492964285379,59152400
2015-07-23,39.590187072753906,39.693218521441025,38.7229961599811,38.868960381322665,33934000
2015-07-24,39.444236755371094,39.77050694575192,39.32403281031286,39.41847970294772,32333200
2015-07-27,38.93764877319336,39.50432668087971,38.85178977442395,39.44422472667895,39701400
2015-07-28,38.929073333740234,39.18665366590373,38.45684217888857,39.135139564658004,34328900
2015-07-29,39.7447509765625,40.16546479573279,38.86038727395176,38.98059449759807,40945900
2015-07-30,40.25132369995117,40.69779780986334,39.4356499082907,39.71898729468378,39777900
2015-07-31,40.09678268432617,40.67204543679311,39.92506133534824,40.60335886238932,31201500
2015-08-03,40.19122314453125,40.35435659847668,39.88212542100367,40.33718413880161,24125900
2015-08-04,40.817989349365234,40.963950294165194,40.07959021016134,40.139692160997875,33403900
2015-08-05,40.85234069824219,41.56497963136992,40.817995785117404,41.195780003556465,26959700
2015-08-06,40.02808380126953,41.015478878577994,39.779091340520836,40.96396150291711,27368000
2015-08-07,40.1311149597168,40.165456598437935,39.718982541950396,39.830601874900104,19163000
2015-08-10,40.6376953125,40.775071707970866,40.21697825900768,40.31142514501483,23079900
2015-08-11,39.84777069091797,40.302829296678034,39.40988454060501,40.199797839306335,29237400
2015-08-12,40.1311149597168,40.26849134053517,39.24675143759419,39.65888058004931,30181400
2015-08-13,40.122528076171875,40.440210350473684,39.91646513755338,40.405868710911506,22627200
2015-08-14,40.3543586730957,40.44021770057326,39.94222944564195,39.95081403826492,21473400
2015-08-17,40.62910461425781,40.74072395133479,39.985152191239806,40.19121840774258,21099700
2015-08-18,40.85381317138672,40.992095460583336,40.3611823100669,40.48217890100022,23574100
2015-08-19,40.283382415771484,40.68958792234808,40.01545914380905,40.43030584765155,31485500
2015-08-20,39.46235275268555,40.16240881991704,39.46235275268555,39.81670138740288,36238200
2015-08-21,37.22389602661133,39.30677469807318,37.22389602661133,39.15120672286776,70053100
2015-08-24,36.02256393432617,36.895470096624685,34.32860539750559,34.959518425089506,88753700
2015-08-25,34.97681427001953,37.37082930873184,34.907671470373906,36.79176990088526,70616600
2015-08-26,36.91276550292969,37.02512090085365,35.48672991644425,36.30777921006766,63408000
2015-08-27,37.941246032714844,37.98445863610494,37.102907679923774,37.36218659717463,50943200
2015-08-28,37.9671745300293,38.15731394922413,37.50047048122949,37.50911498041677,28246700
2015-08-31,37.612823486328125,37.96717210139994,37.24983037262199,37.647394887044946,34441700
2015-09-01,36.14356231689453,36.809046767691,36.00528004769717,36.446053750479585,49688900
2015-09-02,37.47455596923828,37.49184167641828,36.19544331012219,36.61029039170755,37671500
2015-09-03,37.59553146362305,38.01037831173041,37.40539208856604,37.51774747354606,28285200
2015-09-04,36.82634353637695,37.197977864758144,36.47199490895655,36.99919724907454,37138800
2015-09-08,37.932613372802734,38.02768310807875,37.33627134731413,37.42269658106795,32469800
2015-09-09,37.22389602661133,38.373370143750265,37.08561374830758,38.20915767163923,33469500
2015-09-10,37.414039611816406,37.84617219232643,36.94733563360719,37.267112820049825,31366600
2015-09-11,37.5782470703125,37.67331676114037,37.111543113653774,37.28439679725809,27132500
2015-09-14,37.19797897338867,37.5436831121767,37.042410957015406,37.535041909893934,23656000
2015-09-15,38.0103759765625,38.278299325236624,37.23253942048871,37.32760580526713,28882200
2015-09-16,38.28693771362305,38.356080494104276,37.8893766165837,38.00173198641107,23372200
2015-09-17,38.24373245239258,38.89193130751788,38.09680896108091,38.278303849257625,32768200
2015-09-18,37.5782470703125,38.01902412834901,37.448609280291606,37.59553276836391,63143700
2015-09-21,38.12273406982422,38.43387003317731,37.681957022770774,37.69924272039147,26177200
2015-09-22,37.941246032714844,38.070883842885124,37.43132940012703,37.491827704255215,28085900
2015-09-23,37.91529846191406,38.17457726037399,37.60416258499864,37.96715554036957,17145200
2015-09-24,37.94987869262695,38.140018061037935,37.39674958115088,37.55231755586722,27905600
2015-09-25,37.975799560546875,38.658569641529056,37.82023161052792,38.442503410603734,29384600
2015-09-28,37.414039611816406,38.10545108125046,37.34489681641803,37.880743590025624,27613800
2015-09-29,37.54367446899414,37.65602985426662,37.20661161008639,37.483176176211195,32763600
2015-09-30,38.25238800048828,38.286959410320044,37.73383004065631,37.923969497819876,34958900
2015-10-01,38.55488204956055,38.675878684419445,37.81161323895756,38.675878684419445,28657900
2015-10-02,39.38457489013672,39.38457489013672,37.95853562965811,38.26103050453193,41839000
2015-10-05,40.300689697265625,40.525397212554196,39.49692274768948,39.54013535098609,34369300
2015-10-06,40.4044075012207,40.77604188744469,39.94634789365149,40.04141761527775,27017200
2015-10-07,40.44760513305664,40.92295026824397,39.71298113294074,40.706883997985216,27711500
2015-10-08,41.009376525878906,41.06987481451086,40.188324084133,40.24018117306445,33772700
2015-10-09,40.715538024902344,41.08717236048452,40.551325511048105,41.009388353108946,28600600
2015-10-12,40.620452880859375,40.680951163950475,40.188320403403424,40.60316718613204,19769100
2015-10-13,40.525390625,40.73281570278044,40.24018485207538,40.24018485207538,19987800
2015-10-14,40.343902587890625,40.70689241445974,40.21426148016718,40.31797568511006,24697800
2015-10-15,40.62910461425781,40.64639031346706,40.21425772396591,40.62910461425781,27189400
2015-10-16,41.06123352050781,41.087163715450714,40.534034578011315,40.637745467053776,26450300
2015-10-19,41.15629959106445,41.381010343963126,40.637741894529626,40.98344592658304,29387600
2015-10-20,41.28593444824219,41.32050583531579,40.637735776702314,41.00072545024835,30802200
2015-10-21,40.793312072753906,41.4760822711428,40.71552808436898,41.41558068292376,25144300
2015-10-22,41.5106315612793,42.305756781958976,40.69822394826381,41.07849922090568,56637100
2015-10-23,45.693702697753906,46.7308216538083,45.15785916760807,45.20107177058736,135227100
2015-10-26,46.886390686035156,46.94688899090947,45.37392647035661,45.399853373328355,64633300
2015-10-27,46.402400970458984,46.99010161541866,46.30733456055081,46.66168318793146,50999900
2015-10-28,46.65304183959961,46.65304183959961,45.685065598906185,46.27276628355484,47000800
2015-10-29,46.1171760559082,46.52338161800958,45.9961794961952,46.2727440032275,30202100
2015-10-30,45.49491500854492,46.66167488892612,45.47762931066041,46.082615548979206,46619800
2015-11-02,46.01348114013672,46.117192041996994,45.47763433722004,45.67641493949811,30285000
2015-11-03,46.799949645996094,47.007371393421025,45.7196184288393,45.745545323040105,36596900
2015-11-04,47.01603317260742,47.43088011686502,46.72218284164448,46.825893753481274,37087800
2015-11-05,46.99874496459961,47.275309579354854,46.67032324823641,47.0938146690924,31468500
2015-11-06,47.46544647216797,47.517303574628905,46.63575261425497,46.748108021131834,32851200
2015-11-09,46.8086051940918,47.42223272228381,46.29004736965831,47.145668109664584,32513100
2015-11-10,46.246826171875,46.78267293223129,46.03940438462922,46.730815836964915,55283700
2015-11-11,46.36783981323242,46.8431851216407,46.203627277972785,46.41105242364939,36516300
2015-11-12,46.08262634277344,46.65304131892979,45.97027092866233,46.2209086613292,35361100
2015-11-13,45.66776657104492,46.05668651312226,45.39984321163396,45.86654714212676,36848200
2015-11-16,46.4715461730957,46.57525708729191,45.67642037249674,45.875204295329375,32165200
2015-11-17,46.08869171142578,46.57594023403089,45.984278468754724,46.26270714428096,31551300
2015-11-18,46.85437774658203,46.967490454576954,46.09739984967008,46.11480206006409,29710000
2015-11-19,46.932674407958984,47.55914055043049,46.79346007842437,46.97618158273284,28149200
2015-11-20,47.150203704833984,47.2459141923256,46.34972202605302,47.20241033050174,37147600
2015-11-23,47.150203704833984,47.385128541641066,46.76736507399942,47.20241033050174,28235900
2015-11-24,47.20241928100586,47.36773531493642,46.61946011993558,46.91528776408525,24600000
2015-11-25,46.715171813964844,47.185021622007284,46.715171813964844,47.06320944639617,21005100
2015-11-27,46.923988342285156,47.05450326555303,46.80217618410573,46.810875630061815,9009100
2015-11-30,47.2894172668457,47.82017300200329,46.98488692001685,47.45473658580866,56241400
2015-12-01,48.04640579223633,48.05510523814372,47.24592068432979,47.34163118497287,39952800
2015-12-02,48.03770446777344,48.69027246176499,47.9071928604546,48.133414971286726,47274900
2015-12-03,47.15890121459961,48.524942902292594,46.92397640396602,48.28131864791622,38627800
2015-12-04,48.646759033203125,48.92518772372892,47.07189405562201,47.08929626367135,43963700
2015-12-07,48.559757232666016,48.69897159490242,48.10730972561464,48.54235502249494,30709800
2015-12-08,48.5423583984375,48.81208437701712,47.846286538846236,48.26392965460099,32878000
2015-12-09,47.83756637573242,48.61194624534231,47.42862285482918,48.176901076426084,36373200
2015-12-10,48.08990478515625,48.42923956639611,47.86367938490832,48.194314721122666,31775800
2015-12-11,47.03710174560547,47.94199349929025,46.99359455778869,47.6026586767669,39549500
2015-12-14,47.97678756713867,48.037693633977995,46.706456288587525,47.272016416817465,46768900
2015-12-15,48.02900314331055,48.63806724437685,47.93329264354026,48.42924403404783,39843000
2015-12-16,48.83818817138672,48.94259811801476,47.64616161411489,48.32483456502803,37503300
2015-12-17,48.46406173706055,49.412460910576776,48.31614456438865,49.0383215739242,41280900
2015-12-18,47.09800338745117,48.72507182067752,47.01099233914927,48.52495138828131,84684200
2015-12-21,47.707061767578125,48.15950588833779,47.18500549733497,47.75056562698212,37246300
2015-12-22,48.159507751464844,48.272620445596566,47.41993215559003,47.84627796015922,28322200
2015-12-23,48.56846237182617,48.620669008459544,48.237826978080015,48.46405241769203,27279800
2015-12-24,48.43794631958008,48.69027341210688,48.22912641614119,48.6032656721961,9558500
2015-12-28,48.68156051635742,48.68156051635742,47.837571732037716,48.15950426372531,22458300
2015-12-29,49.20362091064453,49.46464741697446,48.77727839143648,48.97739882359383,27731400
2015-12-30,48.99479293823242,49.40373318023508,48.977390731468034,49.134007273215964,21704500
2015-12-31,48.27261734008789,48.89038075752392,48.22041071866296,48.75986918265904,27334100
2016-01-04,47.680965423583984,47.680965423583984,46.45413777928269,47.263322323304,53778000
2016-01-05,47.89848709106445,48.194318029218714,47.45474234339918,47.794077147931255,34079700
2016-01-06,47.02838897705078,47.332922631329204,46.671652019108194,47.26331380093469,39518900
2016-01-07,45.392635345458984,46.54115825259801,45.305627593298794,45.85378572548036,56564900
2016-01-08,45.531837463378906,46.35842078316775,45.37522090783049,45.56663856084267,48754000
2016-01-11,45.5057373046875,45.98428646653377,44.77486107453117,45.688455532443534,36943800
2016-01-12,45.92338562011719,46.201814375774845,45.29692257945374,45.90598340799701,36095500
2016-01-13,44.931480407714844,47.04580094205306,44.6356494554456,46.810876069445214,66883600
2016-01-14,46.21050262451172,46.48022852980942,44.870562584389475,45.24470172960714,52381900
2016-01-15,44.36591339111328,45.218601631611,43.800353272424104,44.644342068862265,71820700
2016-01-19,43.99177932739258,44.96627981236325,43.55673405313917,44.79226103883548,43564500
2016-01-20,44.1919059753418,44.70525960398153,42.72145061715158,43.48713133696547,63273000
2016-01-21,43.92216110229492,44.879262492558375,43.76554457150874,44.37460848910706,40191200
2016-01-22,45.497039794921875,45.5318442166797,44.600844189885876,44.73135911191153,37555800
2016-01-25,45.06199645996094,45.81027496496493,44.94018429758959,45.19250806858775,34707700
2016-01-26,45.392635345458984,45.627560259251084,44.853179979973234,45.062003231943876,28900800
2016-01-27,44.56603240966797,45.41872062364464,44.392013661704425,45.25340131947007,36775200
2016-01-28,45.29691696166992,45.42742855768615,44.59214239430647,45.122898181182784,62513800
2016-01-29,47.93328857421875,47.93328857421875,46.98488974112338,47.62005544488347,83611700
2016-02-01,47.602657318115234,47.93329268511785,47.419939083376555,47.75057445037917,44208500
2016-02-02,46.11479949951172,47.211112140402754,45.810269132356446,47.13280385754396,56313800
2016-02-03,45.38392639160156,46.454137450839646,44.600843509655505,46.332325295677435,57559800
2016-02-04,45.24470138549805,45.94947581350565,44.69654349704769,45.3317090989714,46987100
2016-02-05,43.64373779296875,45.24470438871948,43.121684839213145,45.19249776569122,62009000
2016-02-08,42.99116516113281,43.13037948793088,41.92965384484045,43.112977282189696,59290500
2016-02-09,42.878055572509766,43.713344912607546,42.34729987612555,42.65183351983911,46740500
2016-02-10,43.252201080322266,43.84386292855856,43.08688506827734,43.40881764715729,38237000
2016-02-11,43.23480224609375,43.60024203694924,42.20809503630158,42.35601216947453,48878600
2016-02-12,43.93956756591797,44.09618411188148,43.28699973078057,43.72204495420551,34243300
2016-02-16,44.77207565307617,44.77207565307617,43.93079259360222,44.60557275889749,37291200
2016-02-17,45.937625885009766,46.24434612087883,45.08758049197263,45.12263480629425,40789000
2016-02-18,45.73606872558594,46.40208732778686,45.657198189613815,45.85875882606968,27176000
2016-02-19,45.41181182861328,45.81492630156634,45.15767313537496,45.54326379903655,33559100
2016-02-22,46.13918685913086,46.445903754285105,45.814939463723874,45.814939463723874,25008300
2016-02-23,44.85096740722656,45.89380815171502,44.67569918435571,45.86751908832155,28895300
2016-02-24,45.00871658325195,45.13140335847845,43.99216471899313,44.42156843228586,33014500
2016-02-25,45.65719223022461,45.65719223022461,44.35145094651726,45.33294822153368,26939500
2016-02-26,44.95612716674805,46.16547423168168,44.780858943241775,46.095365605093846,35975900
2016-02-29,44.58807373046875,45.26285432132012,44.395278320807265,44.99995027434034,31654000
2016-03-01,46.07784652709961,46.08660843484195,44.62312246256139,44.66694203016403,33024500
2016-03-02,46.40207290649414,46.4108348108953,45.709765455119104,45.92884983773431,29289900
2016-03-03,45.876285552978516,46.41961743215496,45.37677324109577,46.41961743215496,24427800
2016-03-04,45.595829010009766,45.96389241726189,45.315401339227925,45.92007622050752,33034200
2016-03-07,44.719520568847656,45.39430113190255,44.32517120055021,45.183981914539075,38407800
2016-03-08,45.26283645629883,45.68347808529192,44.34267934097878,44.5179475221332,33835100
2016-03-09,46.30569839477539,46.31446030355725,45.44688758669876,45.47317665600839,28251600
2016-03-10,45.613380432128906,46.39332051549958,44.83344034875823,46.38455860867035,38387800
2016-03-11,46.50724792480469,46.50724792480469,45.902576031368454,46.445904544729856,32275700
2016-03-14,46.594871520996094,46.96293507450999,46.12165172785374,46.191757001926995,24083600
2016-03-15,46.96294403076172,46.96294403076172,46.21805821899234,46.226820126311395,21104800
2016-03-16,47.62895202636719,47.84803644846264,46.796433896774836,46.84025011260133,31691700
2016-03-17,47.9006233215332,48.19857830294266,47.32224051561643,47.50627064864373,28223900
2016-03-18,46.87531280517578,48.172292414764634,46.840258489060616,48.12847284813889,67625500
2016-03-21,47.19953918457031,47.26088254330263,46.38454502659828,46.664972764506686,23925700
2016-03-22,47.38357925415039,47.54132030786237,46.849012721344586,46.980464713758906,23124100
2016-03-23,47.29594421386719,47.5325557813913,47.09438695478283,47.4186309504435,20129000
2016-03-24,47.50627136230469,47.61143430529726,47.085629619224626,47.182027312152776,19950000
2016-03-28,46.91910934448242,47.5763624525629,46.73507927653081,47.506253849745804,17025100
2016-03-29,47.94443893432617,48.07589093794352,46.8402548072011,47.02428493789472,23924300
2016-03-30,48.24239730834961,48.759436766435016,48.11094863844125,48.13723770383021,23008300
2016-03-31,48.40013122558594,48.71561333543064,48.07588720956247,48.154757737023644,26360500
2016-04-01,48.698089599609375,48.73314391271203,47.82175182982268,48.2423935581647,24399200
2016-04-04,48.575408935546875,48.77696624670703,48.19858337986718,48.575408935546875,18928800
2016-04-05,47.812992095947266,48.46148020300129,47.7253563092079,48.365082509069715,19272300
2016-04-06,48.30373764038086,48.37384626761054,47.506270391941676,47.63772239651565,21188700
2016-04-07,47.7253532409668,48.119705898532544,47.52379595886947,48.08465158609043,19225100
2016-04-08,47.69029998779297,48.44395100722199,47.60266754770447,47.90938443097753,22167200
2016-04-11,47.593902587890625,48.33002640348939,47.58513733866605,47.75164364430201,21414200
2016-04-12,47.89185333251953,48.00577481871338,47.11191002533019,47.64647652026195,24944300
2016-04-13,48.505287170410156,48.5841576919459,48.10217265721096,48.30372991381056,20818000
2016-04-14,48.514060974121094,48.70685635919875,48.25992221069388,48.391374217422,20877100
2016-04-15,48.76819610595703,49.004804351706845,48.29497292853111,48.46147589408624,28793800
2016-04-18,49.478023529052734,49.59194836099231,48.38260145299526,48.62797827124689,23786000
2016-04-19,49.416683197021484,49.7496924646369,48.7944842218961,49.62700571945309,29596800
2016-04-20,48.71561813354492,49.51308539287985,48.62798569127385,49.329055258332566,36195700
2016-04-21,48.88212585449219,49.276478568906164,48.56664368296101,48.89965301323989,38909100
2016-04-22,45.37675857543945,45.94637933652119,44.49165909536501,45.49068339624831,126834100
2016-04-25,45.66596603393555,45.68349319214321,45.245324265842484,45.376772937954534,33226900
2016-04-26,45.07881164550781,45.87627884640372,44.77209477707213,45.7974083169541,33532600
2016-04-27,44.640647888183594,45.13139827679621,44.29887666911697,45.11387111902824,43369300
2016-04-28,43.729251861572266,44.491664712240365,43.43129691466153,44.36021272217626,43134800
2016-04-29,43.70296859741211,44.035977923710796,43.24727250430961,43.24727250430961,48411700
2016-05-02,44.35145568847656,44.47414244310063,43.624093724686205,43.81688910650309,33114500
2016-05-03,43.624080657958984,44.17617423136199,43.466339636986696,44.114830872424136,26460200
2016-05-04,43.70296859741211,43.86947493204329,43.34367020478794,43.67667953108663,24257600
2016-05-05,43.764305114746094,44.079787233011395,43.58027499341238,43.702961740968185,25390700
2016-05-06,44.15864562988281,44.15864562988281,43.51891966270583,43.7467659394277,24787300
2016-05-09,43.87822723388672,44.33392322722698,43.81688386391428,44.24629079668433,17951600
2016-05-10,44.71074676513672,44.78085203795087,43.983384919783404,44.10607499739307,22891000
2016-05-11,44.73704147338867,45.37676762979717,44.69322525447693,44.80715009801804,24039100
2016-05-12,45.140159606933594,45.403063627127544,44.62312015976283,44.86849702241295,24102800
2016-05-13,44.76333236694336,45.481929030303164,44.72827805581285,45.07881113822857,22592300
2016-05-16,45.420589447021484,45.53451095325613,44.47414302530875,44.51795924639618,20032000
2016-05-17,44.57341766357422,45.65002874588518,44.441049600789526,45.64120555490432,27803500
2016-05-18,44.83815002441406,45.12936238743855,44.38808996381556,44.54693429504509,24907500
2016-05-19,44.4057502746582,44.67048976758926,43.96451666432468,44.53812170429638,23842400
2016-05-20,44.67048645019531,45.199968763081415,44.47634596518094,44.546941587092064,23905800
2016-05-23,44.14982223510742,44.72342712258101,44.10569955907355,44.65282814785129,26118700
2016-05-24,45.5264892578125,45.632384393831934,44.47635435695109,44.74109388017251,34757900
2016-05-25,45.99418258666992,46.320697825208285,45.70297020507686,45.817688500011705,24040200
2016-05-26,45.79121780395508,45.87063997851697,45.32351131283773,45.826517296281445,24335200
2016-05-27,46.170684814453125,46.170684814453125,45.685328515320265,45.81769657889542,17721400
2016-05-31,46.7707633972168,46.7707633972168,45.95889515786559,46.11773616293163,37653100
2016-06-01,46.63838577270508,46.726634504185135,46.27657438949909,46.27657438949909,25324800
2016-06-02,46.31187438964844,46.54131772766628,45.74709596736595,46.45306899521906,22840800
2016-06-03,45.702972412109375,46.25892426736477,45.535301506831985,46.22362814140441,23368300
2016-06-06,46.00300598144531,46.19714643371897,45.791212418739676,45.879461139177224,18243300
2016-06-07,45.97652816772461,46.53248330596294,45.97652816772461,46.10007637226764,20866800
2016-06-08,45.923587799072266,46.2765726124026,45.77356664448968,45.90593805345403,21149400
2016-06-09,45.552947998046875,45.88828641829553,45.43822970576927,45.88828641829553,20305700
2016-06-10,45.42940902709961,45.93241503937135,45.041124688291,45.04994787870583,25833200
2016-06-13,44.24690246582031,44.75873502986243,43.29383969209176,43.75272301512589,83217800
2016-06-14,43.97333908081055,44.21160224557007,43.743895739889936,44.03511151113264,42577100
2016-06-15,43.84980010986328,44.229261328423334,43.84980010986328,43.92922230366296,33757600
2016-06-16,44.467525482177734,44.53812448007683,43.6909533370152,43.69977989492534,31188600
2016-06-17,44.238067626953125,44.50280702959319,43.964501669963376,44.48515728723797,45710500
2016-06-20,44.18513488769531,44.85581188208226,44.14983538981276,44.68814095031282,35607900
2016-06-21,45.17349624633789,45.385289862516615,44.26455607758346,44.2998555746708,34097800
2016-06-22,44.99699783325195,45.411755071210834,44.96169834217404,45.07642000500489,28816800
2016-06-23,45.80885696411133,45.94122834657296,45.13818359662114,45.25290187065419,29028800
2016-06-24,43.97333908081055,44.95287477578017,43.69977305628058,43.95568933409781,133503000
2016-06-27,42.737884521484375,43.37326194935628,42.39372287016877,43.3291358985968,50216300
2016-06-28,43.629180908203125,43.65565721559482,42.94968070180502,43.17029752077796,38140700
2016-06-29,44.599891662597656,44.75873602280043,43.94686447439237,44.04393640188796,31304000
2016-06-30,45.15583419799805,45.27055584911073,44.564582931387335,44.75872674614042,28527800
2016-07-01,45.14701461791992,45.64119738299871,45.06759244793127,45.120541683371926,21400400
2016-07-05,45.15583419799805,45.25290610537459,44.776376489876554,44.85579865351696,24806400
2016-07-06,45.34115982055664,45.48235441966067,44.46751592423843,44.81167754915795,28167500
2016-07-07,45.34115982055664,45.54412684637214,45.067593812016746,45.376455945574065,19585200
2016-07-08,46.153038024902344,46.205987273534156,45.49118756555954,45.650031945109454,28391000
2016-07-11,46.408939361572266,46.62073292138067,46.30304426484028,46.32951719743717,22269200
2016-07-12,46.956077575683594,47.123748493401095,46.5854429780146,46.717811034462756,27317600
2016-07-13,47.2208137512207,47.529679260680865,46.92960135433271,47.26493979996136,25356800
2016-07-14,47.42378234863281,47.64439911857811,47.282587750521614,47.51202771007303,24545500
2016-07-15,47.38849639892578,47.65323592524131,46.956085925078696,47.60911323191301,32024400
2016-07-18,47.617919921875,47.953258334379626,47.256108575816825,47.38847997627366,31433900
2016-07-19,46.850181579589844,47.564981189861676,46.70898696888313,47.39731027528523,53336500
2016-07-20,49.338741302490234,50.1594360725409,49.00340282197555,49.550534912906144,89893300
2016-07-21,49.24165344238281,49.62111448713354,49.20635395767481,49.400497757224706,32776700
2016-07-22,49.92117691040039,49.97412616242596,49.22402690728616,49.48876980106829,32157200
2016-07-25,50.06237030029297,50.07119685858319,49.647609585639486,49.83293027993198,25610600
2016-07-26,50.088829040527344,50.55653887327301,49.868212274663534,49.87703883045112,28079000
2016-07-27,49.585819244384766,50.12412465002824,49.51522363527359,49.956457132837826,32327500
2016-07-28,49.60348129272461,49.74467591231566,49.17107424300307,49.41816398570109,37550400
2016-07-29,50.018226623535156,50.08882222851142,49.46227150659103,49.647588756790995,30558700
2016-08-01,49.929988861083984,50.080006648414376,49.5417011925211,49.94763524025071,26003400
2016-08-02,49.929988861083984,50.21237805657804,49.691722346196244,50.16825200962698,35122000
2016-08-03,50.27416229248047,50.397707173737665,49.8505783997363,50.018245971964554,22075600
2016-08-04,50.64478302001953,50.75950467809737,50.00940567232024,50.12412733039808,26587700
2016-08-05,51.147796630859375,51.368413424504915,50.697739853014326,50.87423396119978,29335200
2016-08-08,51.23604202270508,51.26251495898357,50.98894894084115,51.23604202270508,19473500
2016-08-09,51.359580993652344,51.624320425127685,51.20073666149823,51.33310469406365,16920700
2016-08-10,51.20074462890625,51.465484101578014,51.02425052501006,51.32428949173007,15756900
2016-08-11,51.44783401489258,51.580205433527055,51.20956748115753,51.20956748115753,18162300
2016-08-12,51.130126953125,51.350743660775194,50.847737836640256,51.20954910253282,21655200
2016-08-15,51.288970947265625,51.624309283478155,51.147776389861995,51.19189905786117,19283900
2016-08-16,51.00482940673828,51.16466375698464,50.853876624464334,51.15578557633793,20523500
2016-08-17,51.111392974853516,51.217948089825605,50.81836217452271,51.093633224470494,18856400
2016-08-18,51.14691925048828,51.23571802004649,50.85389177926296,50.98708485261021,14214300
2016-08-19,51.164676666259766,51.26235361464677,50.79173201313835,50.99596409279911,17271000
2016-08-22,51.209075927734375,51.280114942315855,50.84500944632096,51.14691848363891,15221900
2016-08-23,51.404422760009766,51.66193407145786,51.368903257604615,51.41330432927415,18732400
2016-08-24,51.457698822021484,51.53761600381323,51.25346677684835,51.32450238992658,18151500
2016-08-25,51.653053283691406,51.759611792519074,51.30674659831708,51.39554535567347,18552600
2016-08-26,51.52873229980469,52.123672047895354,51.226823335249534,51.750724085879774,20971200
2016-08-29,51.59089279174805,52.03487639025647,51.59089279174805,51.66193179342589,16417200
2016-08-30,51.404422760009766,51.67081225339605,51.15579301782606,51.484339946758276,16930200
2016-08-31,51.02260208129883,51.32451110965732,50.88052744367875,51.19131804225968,20860300
2016-09-01,51.13803482055664,51.342266884603006,50.623012182010456,50.623012182010456,26075400
2016-09-02,51.209075927734375,51.670819360534,50.98708408815725,51.209075927734375,18900500
2016-09-06,51.15578842163086,51.324500961907745,50.80060020414429,51.30674121230083,16278400
2016-09-07,51.200199127197266,51.36003352699513,50.978207281625416,51.03148654400029,17493400
2016-09-08,50.99595260620117,51.31562131534511,50.77396082344296,51.173546709872895,20146100
2016-09-09,49.91264343261719,51.0758818689504,49.91264343261719,50.42766611639614,35113900
2016-09-12,50.658538818359375,50.80061346497554,49.37986699881388,49.72617373823286,29303000
2016-09-13,50.19679641723633,50.30335494491656,49.7705724684959,50.17015847897969,30130200
2016-09-14,49.95703887939453,50.28558921974189,49.752806806580104,50.072475577011886,24062500
2016-09-15,50.7828483581543,50.92492298979561,49.70840874465895,49.85936494614895,26847000
2016-09-16,50.836124420166016,51.173552919353824,50.39214080077592,51.173552919353824,44607000
2016-09-19,50.551971435546875,51.28010424650248,50.48093243578245,50.85388040989378,20937100
2016-09-20,50.445430755615234,50.92493059190575,50.39215149054877,50.92493059190575,17384000
2016-09-21,51.288970947265625,51.36888811044894,50.68515652105583,51.06697920368145,33707300
2016-09-22,51.34226989746094,51.50210428519421,51.1735573269987,51.431065274056536,19822200
2016-09-23,50.99595260620117,51.42217642261783,50.951554927114685,51.38665692441833,19955300
2016-09-26,50.52534103393555,50.738451290336094,50.463183593541515,50.68517541989918,21688700
2016-09-27,51.457698822021484,51.555375753914284,50.3299800955495,50.55197189082369,28065100
2016-09-28,51.52873229980469,51.555373617515265,51.20906358588443,51.39553926055514,20536400
2016-09-29,50.969322204589844,51.653054015628385,50.800606256885075,51.33338864659436,25463500
2016-09-30,51.14691925048828,51.297875465073886,50.91604922429035,51.120281313284174,29910800
2016-10-03,50.987083435058594,51.102520138611524,50.66741803551655,50.978205252012955,19189500
2016-10-04,50.82724380493164,51.146909150235054,50.58749225545955,50.853881736875415,20085900
2016-10-05,51.182430267333984,51.46657950812752,50.845001773644356,50.87164309375547,16726400
2016-10-06,51.271236419677734,51.37779155351776,50.86276886319212,51.271236419677734,16212600
2016-10-07,51.32451629638672,51.4843507032776,50.98708772769187,51.368913990005986,20089000
2016-10-10,51.53763198852539,51.848419243371424,51.38667575950944,51.42219527072813,18196500
2016-10-11,50.7828483581543,51.51986283858052,50.51645884724263,51.40442614183245,26497400
2016-10-12,50.711814880371094,50.853889518020104,50.08135888751151,50.711814880371094,22177500
2016-10-13,50.54309844970703,50.880526981235356,50.0103194103057,50.34774794183402,25313700
2016-10-14,50.987083435058594,51.271236102418094,50.720693908443586,50.720693908443586,27402500
2016-10-17,50.809486389160156,51.022596629154584,50.49869582378951,50.93380126037794,23830000
2016-10-18,51.200199127197266,51.45771048101902,50.978207281625416,51.08476241904842,19149500
2016-10-19,51.08475875854492,51.36002984676695,50.969325445994244,51.031482887314304,22878400
2016-10-20,50.836124420166016,51.075875981115814,50.31222361379265,51.058116229861064,49455600
2016-10-21,52.97612380981445,53.67761872127746,52.825171009470466,53.52666253360737,80032200
2016-10-24,54.166011810302734,54.166011810302734,53.21588695609177,53.224765139735226,54067000
2016-10-25,54.157127380371094,54.49455251713436,53.98841142466302,54.0328091124133,35137200
2016-10-26,53.83744812011719,54.343589113981025,53.69537351459972,53.99728247474006,29911600
2016-10-27,53.36682891845703,54.01504797417214,53.357950736622065,53.8196941005415,28479900
2016-10-28,53.162601470947266,53.73978157270612,52.905093527499666,53.286916351368816,33574700
2016-10-31,53.20699691772461,53.650980550431896,53.20699691772461,53.42011055184768,26434700
2016-11-01,53.100440979003906,53.29579485834,52.612059667989925,53.251397173216226,24533000
2016-11-02,52.77189636230469,53.2158800076969,52.656459666051326,53.11820306373839,22147000
2016-11-03,52.576534271240234,52.95836041769,52.48773891094647,52.86068348897133,21600400
2016-11-04,52.13254928588867,52.63869027799821,51.96383675096075,52.07927342608289,28697000
2016-11-07,53.6509895324707,53.739788306274285,53.08269092943526,53.08269092943526,31664800
2016-11-08,53.69539260864258,53.97066034934693,53.41124329656436,53.76642824299864,22935400
2016-11-09,53.428977966308594,53.801925904030604,52.567652195825,53.2780251875269,49632500
2016-11-10,52.12368392944336,53.713146293015726,51.173559139447946,53.70426472264571,57822400
2016-11-11,52.40782928466797,52.49662465775876,51.51098043474978,51.70633432034114,38767800
2016-11-14,51.608646392822266,52.4610973747538,50.8627539007107,52.40781812984382,41328400
2016-11-15,52.627784729003906,53.18204618085588,52.13610404318243,52.14504561413398,35904100
2016-11-16,53.3250846862793,53.3340228477016,52.574152949021865,52.690366098563686,27332500
2016-11-17,54.21009826660156,54.4872289572024,53.61114267717969,54.00448649365631,32132700
2016-11-18,53.95085144042969,54.6570854604636,53.90615381857398,54.33525712676663,27686300
2016-11-21,54.40677261352539,54.50510942152287,54.013425381535484,54.08494430015537,19652600
2016-11-22,54.639190673828125,54.764345344621645,54.362063448559326,54.5140360030346,23206700
2016-11-23,53.99555206298828,54.62132558464208,53.86145578822823,54.54086850182803,21848900
2016-11-25,54.11176300048828,54.11176300048828,53.754178632659055,53.90615122168927,8409600
2016-11-28,54.18328094482422,54.549806876121956,53.82569317322216,53.941909710524286,20732600
2016-11-29,54.61238098144531,54.89844981765477,54.10282065380912,54.21903718420969,22366700
2016-11-30,53.87038040161133,54.692830753578114,53.83462435951552,54.40676195555725,34655400
2016-12-01,52.922794342041016,53.772062827748556,52.69036124395176,53.73630336493328,34542100
2016-12-02,52.96748352050781,53.16415712442485,52.56519815350003,52.81551094308794,25515700
2016-12-05,53.83462905883789,54.165395496008514,53.24461168514004,53.36976636892302,23552700
2016-12-06,53.59326171875,54.049182872615084,53.45916545632576,54.022364984214086,19907000
2016-12-07,54.86268615722656,54.8716277259159,53.45915997141574,53.64689199138066,30809000
2016-12-08,54.540863037109375,55.050426784015926,54.38889045713746,54.80011399022455,21220800
2016-12-09,55.39906311035156,55.416942836026244,54.648131683060015,54.69282929214222,27349400
2016-12-12,55.57785415649414,55.69407066955021,55.175572260131396,55.26496747927667,20198100
2016-12-13,56.30198287963867,56.69532672416221,55.64044989520318,55.872879573737556,35718900
2016-12-14,56.033790588378906,56.72214483523941,55.89969432085955,56.319859442891094,30352700
2016-12-15,55.944400787353516,56.453961197115134,55.694087957670384,56.0516757656691,27669900
2016-12-16,55.694091796875,56.275171172376396,55.53317761320417,56.275171172376396,42453100
2016-12-19,56.87411880493164,57.008215075711085,55.801358869325576,55.92651698015097,34338200
2016-12-20,56.8026008605957,57.035030521748986,56.34667628765049,56.936693715419246,26028400
2016-12-21,56.8026008605957,56.94563528519996,56.42713336462849,56.70426405426596,17096300
2016-12-22,56.811527252197266,57.303207771789324,56.68637258286936,57.070778158781636,22176600
2016-12-23,56.53440475463867,56.80259384135463,56.141057577926624,56.72213677431891,12403800
2016-12-27,56.57016372680664,57.27639763954069,56.507586383674195,56.507586383674195,11763200
2016-12-28,56.3109245300293,56.677450484144956,56.167890094525866,56.677450484144956,14653300
2016-12-29,56.2304573059082,56.4986463978337,56.07848132735118,56.19469785092898,10250600
2016-12-30,55.551048278808594,56.31092144660769,55.452711470370254,56.28410014690012,25579900
2017-01-03,55.944400787353516,56.17683047540563,55.54211535590748,56.13213285195831,20694100
2017-01-04,55.694091796875,56.0963772560521,55.53317761320417,55.85500598054584,21340000
2017-01-05,55.694091796875,56.01592016421668,55.45272052136875,55.595754972386125,24876000
2017-01-06,56.17683410644531,56.45396484606741,55.46166185443216,55.69409155750757,19922900
2017-01-09,55.998023986816406,56.39137116925902,55.9086287600118,56.1052989410238,20382700
2017-01-10,55.98015213012695,56.382437527726935,55.67620354196361,56.07848893956359,18593000
2017-01-11,56.489707946777344,56.52546740373021,55.81029531572049,55.971209461798864,21517300
2017-01-12,55.97121047973633,56.67744442145673,55.38119307012158,56.37349585224855,20968200
2017-01-13,56.05168533325195,56.2036579609554,55.73879509529265,55.980166395360456,19422300
2017-01-17,55.899696350097656,56.051672352817185,55.452713322420024,56.033792622484896,20664000
2017-01-18,55.87287139892578,56.05166526944423,55.53316338596167,56.02484397223033,19670100
2017-01-19,55.694091796875,56.30198906625144,55.60469654381801,55.64045600912493,18451700
2017-01-20,56.08743667602539,56.158952193344774,55.756666751516484,56.02485590933196,30213500
2017-01-23,56.28410720825195,56.427141653868205,55.93546096020048,56.05167751295436,23097600
2017-01-24,56.78470993041992,56.9813835042854,56.266208112123294,56.49864113763868,24672900
2017-01-25,56.927764892578125,57.303229039915585,56.7221530866252,57.16913616309945,23672700
2017-01-26,57.4552001953125,57.696574869936924,56.81154690041794,57.32111073209927,43554600
2017-01-27,58.80508804321289,58.92130799945653,58.00945877234166,58.4564418153219,44818000
2017-01-30,58.223995208740234,58.81401596232457,57.928991652366456,58.72462073856226,31651400
2017-01-31,57.794898986816406,58.241881953736225,57.446252818252454,57.982631014472474,25270500
2017-02-01,56.83836364746094,57.768089166933365,56.7400268353731,57.53565608196032,39671500
2017-02-02,56.471824645996094,56.68637796393151,56.09636060237073,56.54334355537767,45827000
2017-02-03,56.927764892578125,56.945644624862325,56.3824449936459,56.76685071223058,30301800
2017-02-06,56.89199447631836,56.90093604584433,56.445011485888195,56.76683978463144,19796400
2017-02-07,56.704261779785156,57.017148505366144,56.525467903649066,56.981392458306566,20277200
2017-02-08,56.62379455566406,57.04395957773373,56.51651961329631,56.8294062827893,18096400
2017-02-09,57.26746368408203,57.607175152324494,56.60593070867162,56.78472460291034,22644400
2017-02-10,57.213829040527344,57.48202159232278,57.195949309726984,57.437320560216904,18170700
2017-02-13,57.85747528076172,57.98262996359747,57.33003184273792,57.42836863931153,22920100
2017-02-14,58.07332229614258,58.20823149543714,57.57865751931815,57.92942418219078,23108400
2017-02-15,58.037357330322266,58.07333358124303,57.70458901739965,58.01037685757376,17005200
2017-02-16,58.02836227416992,58.67592107526443,57.956416633201464,58.22622822581195,20546300
2017-02-17,58.118289947509766,58.181246654212266,57.83048687947458,57.98338075835687,21248800
2017-02-21,58.00138473510742,58.415101354119514,57.96540848191915,58.109313494672236,20655900
2017-02-22,57.88446044921875,57.911440920587104,57.605653096055235,57.857479977850396,19292700
2017-02-23,58.118289947509766,58.217222895437466,57.731553931546884,57.938408741383775,20273100
2017-02-24,58.118289947509766,58.28017960213996,57.686581914573786,58.037341689311475,21796800
2017-02-27,57.76754379272461,58.04635115074679,57.60565409992541,58.04635115074679,15871500
2017-02-28,57.54269790649414,57.74056043172986,57.344831950374164,57.6326385369506,23239800
2017-03-01,58.40611267089844,58.45107784123723,57.578672567794044,57.67760554901557,26937500
2017-03-02,57.569679260253906,58.235222741721344,57.452758161283214,58.18126179672264,24539600
2017-03-03,57.7855224609375,57.81250292996256,57.21890859522563,57.55168372399177,18135900
2017-03-06,57.803524017333984,58.06434673028401,57.389810791674584,57.533712386597934,18750300
2017-03-07,57.920440673828125,58.26220477089834,57.73157049951813,57.73157049951813,18521000
2017-03-08,58.45109176635742,58.53204007108192,57.785548075576436,57.79454385649479,21510900
2017-03-09,58.21724319458008,58.6399487373904,57.9923967548481,58.63095982027465,19846800
2017-03-10,58.39712142944336,58.6939203961685,58.235231707754124,58.559011151132594,19538200
2017-03-13,58.19923782348633,58.630945904486026,58.07332439606291,58.469056231832035,20100000
2017-03-14,57.92943572998047,58.05534917795077,57.69559352870637,58.03735762151599,14280200
2017-03-15,58.23521041870117,58.38810430502278,57.785517674155216,58.05533606558948,24833800
2017-03-16,58.136295318603516,58.24422408067361,57.83050745205817,58.23522830172556,20674300
2017-03-17,58.34314727783203,58.67591556363708,58.17226181532607,58.37912352582106,49219700
2017-03-20,58.39712142944336,58.62196788391345,58.20825123110079,58.379136732264215,14598100
2017-03-21,57.74955749511719,58.90976592218777,57.67760498915111,58.63095853878003,26640500
2017-03-22,58.48704528808594,58.58597825441097,57.66860794875885,57.66860794875885,20680000
2017-03-23,58.34314727783203,58.67591556363708,58.253203226975614,58.4061039963709,19269200
2017-03-24,58.44207763671875,58.86478309275173,58.24421171249157,58.78384168471372,22617100
2017-03-27,58.54998779296875,58.657916510513864,57.87544874728532,58.12727555979124,18614700
2017-03-28,58.72088623046875,58.88277591178996,58.145279999497205,58.42408733775193,20080400
2017-03-29,58.88276672363281,58.90974718934836,58.4150824453419,58.56798318734073,13618400
2017-03-30,59.098628997802734,59.341466960796424,58.783845399262596,58.837806341364384,15122800
2017-03-31,59.23352813720703,59.53032699180703,58.864776797534304,59.04465801021611,21040300
2017-04-03,58.95474624633789,59.30550618504905,58.63096678571689,59.188581630965594,20400900
2017-04-04,59.11662292480469,59.18856856323764,58.711895257499926,58.81082822983433,12997400
2017-04-05,58.963722229003906,59.67423773050589,58.85580034031931,59.62927256414334,21448600
2017-04-06,59.11662292480469,59.41341498003981,58.89177650800252,58.99969839653598,18103500
2017-04-07,59.071651458740234,59.32347835007163,58.85580081785163,59.22454537679599,14108500
2017-04-10,58.936744689941406,59.19756737018971,58.78385076551709,59.00869719382406,17952700
2017-04-11,58.89176940917969,59.00868706158703,58.32515211560678,58.999691284704234,18791500
2017-04-12,58.66694259643555,58.918769539049606,58.55901382312828,58.83782124362677,17108500
2017-04-13,58.41509246826172,59.23353666481706,58.41509246826172,58.72088714296148,17896500
2017-04-17,58.89176940917969,58.900758324295225,58.46905709866252,58.49603756754366,16689300
2017-04-18,58.81084060668945,59.09864380629425,58.603985702288576,58.756879651066534,15155600
2017-04-19,58.49605178833008,59.13461486690261,58.36114254935978,59.044677661512054,26992800
2017-04-20,58.909759521484375,59.13460593187172,58.58598014158516,58.87378327241025,22299500
2017-04-21,59.71921157836914,59.989023170070276,58.86479105022811,59.06265700120326,32522600
2017-04-24,60.73553466796875,60.852459237934596,60.348798418682044,60.69056948563387,29770000
2017-04-25,61.086280822753906,61.194209587106606,60.79847764624903,61.06829612624628,30242700
2017-04-26,61.00534439086914,61.43704576008921,60.81647418411416,61.230190855354046,26190800
2017-04-27,61.40105438232422,61.49998735127686,60.78048295916514,61.29313249747978,34971000
2017-04-28,61.57194519042969,62.183527750752205,60.879421209452126,61.976672879010316,39548800
2017-05-01,62.42634582519531,62.5522592361217,61.60790179240749,61.76979144385089,31954400
2017-05-02,62.327430725097656,62.69617528788669,62.17452994367954,62.69617528788669,23906100
2017-05-03,62.12957000732422,62.3993816185222,61.79679480556769,62.3993816185222,28928000
2017-05-04,61.88671875,62.12955669599556,61.733824850235294,62.08458467288013,21749400
2017-05-05,62.05760192871094,62.084582396884166,61.598913384464815,61.96766474754448,19128800
2017-05-08,62.00363540649414,62.10256835539456,61.53595112773465,62.030615872236716,18566100
2017-05-09,62.09358215332031,62.30943277430782,61.76980279095528,61.9316924721378,22858400
2017-05-10,62.33641815185547,62.56126456776811,61.98565829197319,62.048615013958006,17977800
2017-05-11,61.57194519042969,61.81478317593176,61.266157341152656,61.48200799133459,28789400
2017-05-12,61.49998092651367,61.70684262046824,61.19419313570892,61.70684262046824,18714100
2017-05-15,61.54496383666992,61.58993586645852,60.77149158433095,61.28414115978647,31530300
2017-05-16,62.78416061401367,62.81129572535537,61.653484967466206,61.71680252762901,34956000
2017-05-17,61.03841018676758,62.5037617212128,60.99318039079914,62.31380900012167,30548800
2017-05-18,61.246463775634766,61.62636929901323,60.73087573644987,60.96605830377439,25201300
2017-05-19,61.22837829589844,61.59923649187223,60.99319571973231,61.05651330934246,26961100
2017-05-22,61.91581344604492,61.96104324534953,61.05650246804515,61.409272819105986,16237600
2017-05-23,62.12384796142578,62.187165526645394,61.85248302414343,62.16003041313657,15425800
2017-05-24,62.20527648925781,62.30477654327732,61.915823668773704,62.29573610280252,14593900
2017-05-25,62.97414779663086,63.20932349117078,62.331924505663686,62.38619475808055,21854100
2017-05-26,63.28168869018555,63.516871286798406,62.88368843454844,63.1369657161086,19827900
2017-05-30,63.68872833251953,63.68872833251953,63.10981580522664,63.12791048791361,17072800
2017-05-31,63.173133850097656,63.98722204942354,63.145998726970035,63.79726928643075,30436400
2017-06-01,63.4083251953125,63.86964305563091,62.82037214213812,63.534960388168464,21603600
2017-06-02,64.9098892211914,65.00034197598879,63.53498250430095,63.71589491499855,34770300
2017-06-05,65.38019561767578,65.93196595394079,64.95506041749482,65.09979023078932,33316800
2017-06-06,65.59728240966797,65.68774199210966,65.37114725575819,65.39828927114903,31511100
2017-06-07,65.47972869873047,65.82345182719936,65.08172841232378,65.7058639703523,22301800
2017-06-08,65.08172607421875,65.59731419894965,64.67468536036299,65.58827375720215,24588300
2017-06-09,63.60733413696289,65.19932851191764,62.04247489264976,65.1631460373617,49187400
2017-06-12,63.11887741088867,63.263607300694446,61.626383202496264,62.63947172783375,47761700
2017-06-13,63.905818939208984,64.05958924310116,63.28168348081175,63.33595372898552,25258600
2017-06-14,63.56206512451172,64.31283548112548,62.802254330659586,64.14097745933347,25510700
2017-06-15,63.22740936279297,63.50781482932815,62.232415767607534,62.65754418744821,26068700
2017-06-16,63.31785583496094,63.344990954714426,62.61231511697572,63.073632856080906,48345100
2017-06-19,64.10481262207031,64.16813020562333,63.63444751473452,63.77013002266211,23798300
2017-06-20,63.236473083496094,64.10483173154947,63.2002906105229,64.05960191505771,21512200
2017-06-21,63.56206512451172,63.87865985638057,63.26357197041103,63.50779489669289,19891100
2017-06-22,63.55302810668945,63.85152127685031,63.05552798792551,63.80629838493382,22965700
2017-06-23,64.4123764038086,64.44855887903076,63.24551745702449,63.39928780089255,27617300
2017-06-26,63.797245025634766,64.86460316972311,63.715839687208714,64.5841978025709,19607000
2017-06-27,62.60325622558594,63.480661741582146,62.576121110839225,63.417344173474035,25215100
2017-06-28,63.136966705322266,63.17314227358308,62.2233783319779,62.60328390861997,25806200
2017-06-29,61.95198059082031,62.85652114452345,61.59016298911971,62.75702113152836,28918700
2017-06-30,62.35000228881836,62.75704291885815,62.17813731559753,62.214319778438714,24161100
2017-07-03,61.66255569458008,62.95604954568212,61.526873170123245,62.71182652253972,16165500
2017-07-05,62.485679626464844,62.811314863979376,61.70777399252442,61.74395645237033,21176300
2017-07-06,62.02435302734375,62.21430573856907,61.61731248916058,61.752988067823246,21117600
2017-07-07,62.82939529418945,63.173118270872315,62.14194243972596,62.14194243972596,16878300
2017-07-10,63.29977798461914,63.54400100180771,62.59423025486394,62.829412831449005,15014500
2017-07-11,63.30881118774414,63.93294657301872,63.091723319382986,63.31785852841303,17460000
2017-07-12,64.35810089111328,64.47568875016621,63.81537760925988,63.942012811655644,17750900
2017-07-13,64.91889190673828,65.16312179385146,64.50280395579975,64.67466892072392,20269800
2017-07-14,65.83248138427734,66.27570446460143,65.09075816979463,65.34402850140839,25868100
2017-07-17,66.34807586669922,66.43852857952213,65.77821756492523,65.8505824956234,21803900
2017-07-18,66.3028335571289,66.38423890451612,65.72392808316103,66.11287394436349,26435300
2017-07-19,66.80939483642578,66.97221248278092,66.43852973596697,66.48375954371552,22416200
2017-07-20,67.13504028320312,67.20740522610599,66.28476945684649,67.0988578117517,42361000
2017-07-21,66.74608612060547,67.19835665382456,66.18526817501755,66.43853856944415,46717100
2017-07-24,66.57421112060547,66.70989364043305,66.14907577899218,66.5108935314992,21394800
2017-07-25,67.10791015625,67.21645067759272,66.48377455412418,66.75513965968356,22018700
2017-07-26,66.98124694824219,67.27974015826187,66.7641521941026,67.24355769923861,16252200
2017-07-27,66.17620849609375,67.31592493970422,65.41639063258812,66.71893159796997,36844200
2017-07-28,66.06765747070312,66.3118804376905,65.61538709390567,65.73297490747763,18306700
2017-07-31,65.76013946533203,66.42950489144374,65.49782860232497,66.30286968133642,23600100
2017-08-01,65.65160369873047,66.41141501441419,65.57019139999186,66.12196209875822,22132300
2017-08-02,65.36213684082031,65.63349500949516,64.62041347134841,65.62445456797627,26499200
2017-08-03,65.26263427734375,65.52495199445936,64.99126921795516,65.29881674533557,18214400
2017-08-04,65.74203491210938,66.06767019822298,65.34403469550394,65.4887645564876,22579000
2017-08-07,65.48876190185547,65.94103234744688,65.36212672917782,65.85057963854847,18705700
2017-08-08,65.8415298461914,66.1490704252168,64.90080652625045,65.20834710527586,22044600
2017-08-09,65.55208587646484,65.58826834377018,65.17218032140883,65.35308575683551,22213400
2017-08-10,64.59326171875,65.29880243724406,64.53898457810526,65.03648477760677,24734500
2017-08-11,65.5792236328125,65.76012907549739,64.47568248957396,64.77418268099427,21443700
2017-08-14,66.56515502929688,66.68274975153663,65.98624946182005,66.08574950320813,20096600
2017-08-15,66.58335876464844,66.91981761766876,66.41967364176597,66.91981761766876,19181400
2017-08-16,66.97437286376953,67.38358213430215,66.53787696238336,66.69246651455195,18150400
2017-08-17,65.83768463134766,67.17444533212961,65.83768463134766,66.91073002250401,22977500
2017-08-18,65.91951751708984,66.23779219257182,65.41027803631869,65.71945716739616,18761500
2017-08-21,65.61033630371094,65.91042681872739,65.2011200729065,65.90133127461155,17734800
2017-08-22,66.5287857055664,66.60152923800956,65.79219933494572,65.79219933494572,14343700
2017-08-23,66.12866973876953,66.51969487203705,65.95588909401705,66.34691422728457,13766500
2017-08-24,66.10138702392578,66.25597657381431,65.53758127167325,66.14685086561053,17098300
2017-08-25,66.21959686279297,66.70155656685633,65.91041778390947,66.25597209640274,12794300
2017-08-28,66.22872161865234,66.46515033460322,65.97410180893942,66.43787063182961,14569700
2017-08-29,66.42876434326172,66.52879451872224,65.51940415752435,65.70127341952477,11478400
2017-08-30,67.3017578125,67.48362709753337,66.22871237991866,66.3923975115961,16897800
2017-08-31,67.99285888671875,68.16563954429104,67.11078532331192,67.3199342834458,27652800
2017-09-01,67.23809051513672,67.96557445947637,66.96527969984233,67.93829476552037,21736200
2017-09-05,66.93801879882812,67.19263859772522,66.36512425130965,66.6924876085565,21556000
2017-09-06,66.7470474243164,67.3290374614329,66.7015766341576,67.05622659621707,16535800
2017-09-07,67.60183715820312,67.83827276406929,66.92891252074968,67.00166300530357,17471200
2017-09-08,67.27446746826172,67.69277230794223,67.1471506634423,67.59274213564174,14703800
2017-09-11,67.98377227783203,68.14745739564023,67.57455601437756,67.57455601437756,17910400
2017-09-12,67.9110107421875,68.42025016454758,67.62911133879057,67.98376121334374,14394900
2017-09-13,68.39297485351562,68.41116594140338,67.79280077269709,68.13835512602489,13380800
2017-09-14,67.99285888671875,68.6475993387109,67.76551883743635,68.20201478472035,15733900
2017-09-15,68.48390197753906,68.55665244538643,67.35629747737055,68.04741304618771,38578400
2017-09-18,68.3475112915039,69.0840907830505,68.23838557732886,68.4111662236392,23307000
2017-09-19,68.60212707519531,68.84765124563664,68.21110196088738,68.39297120285377,16093300
2017-09-20,68.14745330810547,68.70216356641313,67.57455196120584,68.52028736983091,21587900
2017-09-21,67.48361206054688,68.42025185171283,67.39267743829262,68.30203753656902,19186100
2017-09-22,67.66549682617188,67.75643145996102,67.15625038879054,67.28356026366892,14111400
2017-09-25,66.61975860595703,67.52002364529044,66.31057239840705,67.37452262106204,24149200
2017-09-26,66.61975860595703,67.11990276653306,66.37422736203929,66.99259283926857,18019600
2017-09-27,67.15625762939453,67.44725265161479,66.53789233994291,66.88345369861412,19565100
2017-09-28,67.17443084716797,67.2653654665657,66.66518449038054,66.87434035907539,10883800
2017-09-29,67.73824310302734,67.78371389069011,67.18353279530848,67.23809912807742,17079100
2017-10-02,67.84737396240234,68.21111947761244,67.56547448360213,67.9383086067377,15304800
2017-10-03,67.52910614013672,68.09290515536048,67.46545118880921,67.90194030137798,12190400
2017-10-04,67.92010498046875,67.94738467216146,67.02892907059568,67.37448339514783,13317700
2017-10-05,69.0841064453125,69.22051188448938,68.1656505552483,68.40208618729697,21195300
2017-10-06,69.11138153076172,69.13866122920176,68.69307663298815,68.81129097218447,13959800
2017-10-09,69.37508392333984,69.61151949556127,68.98405879684046,69.0840889644008,11386500
2017-10-10,69.37508392333984,69.68426303189572,69.23867851867874,69.4114591604406,13944500
2017-10-11,69.49330139160156,69.52967663035172,69.06590100862151,69.43874200241004,15388900
2017-10-12,70.12987518310547,70.28446478301338,69.44785489635619,69.55697370199984,16876500
2017-10-13,70.46632385253906,70.8118851878857,70.28445457762787,70.55725848999465,15335700
2017-10-16,70.61181640625,70.7573104212633,70.33900558853253,70.40266052095097,12380100
2017-10-17,70.55726623535156,70.58455287366492,70.24808704648906,70.44814743357368,16824000
2017-10-18,70.57544708251953,70.79369159226285,70.35720257277622,70.6300064754884,13300700
2017-10-19,70.8482437133789,70.86642786143213,70.33899737562464,70.53905769354242,15092800
2017-10-20,71.66667938232422,71.81218035310987,71.13016016275546,71.22109480056241,22866400
2017-10-23,71.68486022949219,72.1486288973998,71.6212052983362,71.83035424161993,20627200
2017-10-24,71.7121353149414,72.02131440701203,71.34838990119555,71.74851055010267,17517200
2017-10-25,71.50299072265625,71.93039113086512,70.93919183341715,71.45752687493544,20410800
2017-10-26,71.6212158203125,72.22138998254599,71.61212027513479,72.02132961584543,32120700
2017-10-27,76.21348571777344,78.38685631381853,76.03161643006945,76.72273221150809,71066700
2017-10-30,76.2862319946289,76.68635273092089,75.57693209874273,76.11345132434496,31756700
2017-10-31,75.6406021118164,76.71364771470358,75.57694715816504,76.71364771470358,27086600
2017-11-01,75.6406021118164,76.168032835139,75.36779120309932,76.09528233443183,22307400
2017-11-02,76.43172454833984,76.80455860783508,75.58601931842695,75.79516827091105,23992900
2017-11-03,76.51356506347656,76.87731052339858,75.84064047223477,76.45900567274191,17633500
2017-11-06,76.81364440917969,77.02279333513573,76.45899454528328,76.56811331087196,19860900
2017-11-07,76.63179779052734,77.20469928227915,76.32261858496608,77.08647799014281,17939700
2017-11-08,76.89549255371094,76.94096333664753,76.23166352518803,76.51356295336619,18034200
2017-11-09,76.46810150146484,76.63178662699593,75.38596750177378,76.48629259200621,21178400
2017-11-10,76.26802825927734,76.47717718109703,75.68603839475911,76.19527779174595,19397800
2017-11-13,76.32260131835938,76.33169686289737,75.89520091735336,76.07707711877491,14196900
2017-11-14,76.43172454833984,76.47718839381282,75.45870945051468,75.9315736830649,18801300
2017-11-15,75.8376693725586,76.48655673872858,75.57262969239734,76.2854916729021,19383100
2017-11-16,76.03872680664062,76.23979187072446,75.80111079700515,75.9473354973416,20962800
2017-11-17,75.3075942993164,75.96562292576849,75.16136261667799,75.96562292576849,22079000
2017-11-20,75.4263916015625,75.4812249884105,75.17049316599262,75.30758360582203,16315000
2017-11-21,76.51396942138672,76.62363619866012,75.61831789496593,75.61831789496593,21237500
2017-11-22,75.95648193359375,76.67848518021991,75.89250731542234,76.6145105620485,20553100
2017-11-24,76.09357452392578,76.24894046201939,75.65488643510255,75.8650927422432,7425600
2017-11-27,76.65105438232422,76.75158690277284,76.13011630941281,76.13925055839239,18265200
2017-11-28,77.57411193847656,77.73861905763889,76.78813425500198,76.8338333886005,21926000
2017-11-29,76.16669464111328,77.61070138801097,76.02046990505531,77.41877749978457,27381100
2017-11-30,76.92524719238281,77.2451203030449,76.16668597801927,76.32205889409302,33054600
2017-12-01,77.00750732421875,77.51016309732745,76.05702220566651,76.40431202923496,29532100
2017-12-04,74.10122680664062,77.16288185260375,73.75392997174916,77.15374062728768,39094900
2017-12-05,74.56730651855469,75.56349065365859,74.0098174190722,74.33882475036785,26152300
2017-12-06,75.65486907958984,75.9838833275525,74.4210691360844,74.5307428763083,26162100
2017-12-07,75.38983917236328,75.67316129468448,74.94201687752708,75.43553831320183,23184500
2017-12-08,76.91610717773438,77.29995488176667,76.1575460202108,76.431719963358,24489100
2017-12-11,77.89398956298828,78.02193876592837,76.87953018774292,77.03489608092607,22857900
2017-12-12,78.21388244628906,78.64342929647793,77.75691889888992,77.96711822597571,23924100
2017-12-13,78.0036849975586,78.5977390711268,77.83917782291988,78.36011604715728,22062700
2017-12-14,77.4004898071289,78.47892408461469,77.25425812143769,78.0767939216744,19306000
2017-12-15,79.37457275390625,79.59391332078297,77.57413512621213,77.92143191087042,53936700
2017-12-18,78.94503021240234,79.96863120196353,78.80794670851085,79.62134137091965,22283800
2017-12-19,78.4423828125,78.91762194644433,77.93057877666146,78.91762194644433,23524800
2017-12-20,78.1590576171875,78.87192674992536,77.41877875450068,78.78052844410723,23674900
2017-12-21,78.1407699584961,78.68912484436446,78.04937863963647,78.64343267128999,17990700
2017-12-22,78.14989471435547,78.25956148479362,77.61067419310079,78.04936219298102,14145800
2017-12-26,78.04938507080078,78.16819309783683,77.7112294931749,77.96712799615179,9891200
2017-12-27,78.33270263671875,78.57946689539621,77.88488024300413,78.27786923377329,14678000
2017-12-28,78.34183502197266,78.53375888333804,78.18646908268316,78.5063421849588,10594300
2017-12-29,78.17731475830078,78.64341947077172,78.14075684235115,78.25956483965533,18717400
2018-01-02,78.55203247070312,78.88104678877039,78.14076805947431,78.71653962973676,22483800
2018-01-03,78.91758728027344,79.0638189327669,78.57029756466488,78.65254763966074,26061400
2018-01-04,79.61219024658203,80.11485294071522,79.11866877580864,79.13694424981784,21912000
2018-01-05,80.59922790527344,80.80029296974796,79.90464140237326,80.11484768960844,23407100
2018-01-08,80.68147277832031,80.95565366174243,80.06000215224509,80.60835694637981,22113000
2018-01-09,80.62664794921875,81.09275271142944,80.29763364327123,81.01963687172771,19484300
2018-01-10,80.26107788085938,80.59923341903689,79.88637139455875,80.29763580169293,18652200
2018-01-11,80.49869537353516,80.54438754191877,79.73099303396495,80.54438754191877,17808900
2018-01-12,81.88787078857422,82.0523779535648,80.8368531773961,81.037918264908,24271500
2018-01-16,80.74543762207031,82.97542141757629,80.43470583296993,82.34480964560252,36599700
2018-01-17,82.38136291503906,82.50931211189513,81.11100519431935,81.41260271806934,25621200
2018-01-18,82.3448257446289,82.86576388380405,81.9427025843932,82.07065181347411,24159700
2018-01-19,82.25346374511719,82.8109600016511,81.94273178453764,82.38141301979259,36875000
2018-01-22,83.72484588623047,83.73398710780944,82.01580003183368,82.25342298392356,23601600
2018-01-23,83.9898910522461,84.35546323963982,83.6608767808627,83.9898910522461,23412800
2018-01-24,83.91674041748047,85.38816280628356,83.69739998509499,84.58390990573237,33277500
2018-01-25,84.38288116455078,85.21455110461312,84.01730897182365,84.51083038609883,26383200
2018-01-26,85.9639892578125,85.9639892578125,84.61138092136723,85.10490244067924,29172200
2018-01-29,85.8360366821289,87.23434411296064,85.65325404030271,86.9510289263168,31569900
2018-01-30,84.75761413574219,85.59843253400093,84.17270123338676,85.26941815483703,38635100
2018-01-31,86.83221435546875,87.18864536103698,85.46132372706475,85.68066427525049,48756300
2018-02-01,86.14678955078125,87.80099573828218,85.5253187057055,86.63116990583653,47227900
2018-02-02,83.8802261352539,85.88172866810588,83.62432766894977,85.58013105880019,47867800
2018-02-05,80.42556762695312,85.21454265601774,80.42556762695312,82.76521827210672,51031500
2018-02-06,83.46896362304688,83.60605408243555,77.91228518781442,79.41112507232036,67998600
2018-02-07,81.89700317382812,83.87108196795626,81.52228973795773,82.70125646436773,41107600
2018-02-08,77.69295501708984,82.14377612125543,77.46447321181772,81.9884101671211,55628700
2018-02-09,80.590087890625,81.27553318103992,76.61450660076049,78.8719075394939,63499100
2018-02-12,81.45832061767578,82.05237463235815,80.36161087727021,81.10188960340845,35720300
2018-02-13,82.09807586669922,82.25344180554804,80.24280490605223,81.27554005410161,26407700
2018-02-14,83.38359069824219,83.54887064732105,81.1798673844781,81.27168802164068,34960900
2018-02-15,85.08230590820312,85.13739689063642,83.209135445348,83.75088212051737,27823900
2018-02-16,84.47623443603516,85.85356434531833,84.2925932503156,84.88943060663523,30596900
2018-02-20,85.13738250732422,85.4495740289915,83.56722672404953,83.99879136144276,30911700
2018-02-21,84.00794219970703,85.72501604729936,84.00794219970703,85.37609498437926,26922500
2018-02-22,84.22835540771484,85.14657575357019,83.88861135778087,84.52218563816994,24392800
2018-02-23,86.3678207397461,86.37700490656928,84.80684864220342,85.94544013694592,26329200
2018-02-26,87.61658477783203,87.64413026766574,86.54226864152479,86.68000309615876,30199800
2018-02-27,86.496337890625,88.00221842080582,86.496337890625,87.910397804178,25869100
2018-02-28,86.10150146484375,87.88285081997239,85.9729512026658,87.08399675746891,31167300
2018-03-01,85.25675964355469,86.8360997950893,84.32935511169487,86.30353030111313,37135600
2018-03-02,85.4404067993164,85.53222743368505,83.42950198095582,84.09062175715466,32830400
2018-03-05,85.98213195800781,86.56060811488138,84.71499070727657,84.78844299313572,23901600
2018-03-06,85.68831634521484,86.7626323927048,85.33939516039193,86.6248979494578,22175800
2018-03-07,86.18415832519531,86.2576176308536,84.87110300977957,85.54140691434773,26716100
2018-03-08,86.70755004882812,87.32275601704482,86.10152124040059,86.56063142661581,25887800
2018-03-09,88.64498138427734,88.64498138427734,87.23092139676874,87.49720610274092,36937300
2018-03-12,88.85615539550781,89.26017447853212,88.18585865008662,88.60823905258323,26073700
2018-03-13,86.6891860961914,89.28774434725226,86.28516690281907,89.06737342607883,35387800
2018-03-14,86.17495727539062,87.60738543319553,85.85358163293759,87.34110075645913,32132000
2018-03-15,86.47797393798828,86.845263398787,85.2383781375734,85.88112943987333,27611000
2018-03-16,86.8636245727539,87.57983516709747,86.2392345920891,86.93708386588241,49081300
2018-03-19,85.29345703125,86.22086121226073,84.57724653707919,86.07394264655247,33344100
2018-03-20,85.51387023925781,86.1015307823015,85.39450409958108,85.44041792547705,23075200
2018-03-21,84.91700744628906,86.35861288461828,84.669084068447,85.33020373540688,24457100
2018-03-22,82.44697570800781,84.24668609065121,82.32760962842906,83.80593740254174,38604700
2018-03-23,80.05042266845703,83.06218325248572,79.95860206635135,82.18069286243802,44068900
2018-03-26,86.11068725585938,86.31269681609042,83.00710557316275,83.19993097007492,56396800
2018-03-27,82.15314483642578,87.35945057511226,81.27165447369548,87.17580937659196,56569000
2018-03-28,82.07970428466797,83.76923311953303,81.60223285628295,82.47453925650076,52501100
2018-03-29,83.80597686767578,84.74256564390957,81.17068867607016,82.80511994602657,45867500
2018-04-02,81.28085327148438,83.4478536172263,80.35345586492824,83.07138695838356,48515400
2018-04-03,82.37353515625,82.68573367412152,80.702374634837,82.25416904952918,37213800
2018-04-04,84.77925872802734,85.17409362895515,80.5554479075788,80.6656298298618,35560000
2018-04-05,84.82518768310547,85.45876192357147,83.92533572392968,84.88028566410132,29771900
2018-04-06,82.85101318359375,84.8986403424982,82.16234802149808,84.00796561198018,38026000
2018-04-09,83.34683990478516,85.55056966512937,83.20911248670298,83.59476326826066,31533900
2018-04-10,85.2842788696289,85.6515683042771,84.14568792713646,84.83435299005309,26812000
2018-04-11,84.34768676757812,85.66074160120628,83.99876570192524,84.4854211637835,24872100
2018-04-12,85.92707061767578,86.4596401551865,84.87111570860205,84.87111570860205,26758900
2018-04-13,85.46793365478516,86.47797442355511,84.88027331639304,86.35860832544739,23346100
2018-04-16,86.46880340576172,86.91873639376213,85.78013818525301,86.37698277745353,20288100
2018-04-17,88.21344757080078,88.6450123482798,87.12076287935105,87.2309518668351,26771000
2018-04-18,88.55316925048828,88.81026981732072,87.70840123815526,88.35115966070136,21043300
2018-04-19,88.25013732910156,89.13162781398871,87.54310390534614,88.55315165356816,23552500
2018-04-20,87.23090362548828,88.25012842828629,86.35859739141857,88.06648722283886,31154400
2018-04-23,87.55229949951172,88.4154287768825,86.89117979816088,87.91040483683267,22331800
2018-04-24,85.50465393066406,88.58068970975977,84.85271853313046,88.36949601498489,34524800
2018-04-25,84.76090240478516,85.6699454251039,82.89691656398176,85.6699454251039,33729300
2018-04-26,86.55144500732422,87.36866049092222,85.48630612663281,85.89950945330023,42529000
2018-04-27,87.9838638305664,89.89376362657663,86.23006680077594,89.61829475015541,48272800
2018-04-30,85.8719482421875,88.51642684688662,85.53221125872449,88.45215171443708,41523600
2018-05-01,87.23090362548828,87.49718827721111,85.20163818180353,85.5872889165209,31408900
2018-05-02,85.86278533935547,87.38702744998581,85.56895511288063,87.22174750975215,27471000
2018-05-03,86.37696838378906,87.16663826548742,84.88944923339976,85.35774346684035,31142500
2018-05-04,87.37785339355469,87.57067882976406,85.32103472972375,85.68832427722681,22531300
2018-05-07,88.35115814208984,88.8010841263131,87.32274888697177,87.38702402757508,24242000
2018-05-08,87.97467803955078,88.2960607245867,87.28601286669853,88.0114076894253,23484600
2018-05-09,89.01227569580078,89.03982118317505,87.27683993657469,88.15833055987487,27327400
2018-05-10,89.90291595458984,89.93963858667506,89.11324626097861,89.48971278627957,22388100
2018-05-11,89.71012115478516,89.86622393106428,89.10409939525641,89.80194878981935,16778300
2018-05-14,90.01313018798828,90.61915891696698,89.352010485635,89.91212539982517,19454100
2018-05-15,89.3612060546875,89.84786172951279,88.46134701042277,89.28774674383621,24594000
2018-05-16,89.59175872802734,89.82230879833322,89.10299370471166,89.7854199427847,17384700
2018-05-17,88.69721984863281,89.95141274474301,88.37445117003743,89.23209767935059,17246700
2018-05-18,88.86320495605469,89.38885874793118,88.54043631820572,88.54043631820572,17865800
2018-05-21,90.00674438476562,90.38484987031111,89.26898839485415,89.45342563337461,19422500
2018-05-22,89.9145278930664,90.53240039614269,89.63786499290967,90.0805242259945,15441200
2018-05-23,90.98426055908203,91.04881428132549,88.82630877754845,89.18596623516605,21251200
2018-05-24,90.6614990234375,91.2424896498875,89.27819872934377,91.04882845301388,26649300
2018-05-25,90.70760345458984,91.27937005614272,90.24650339922322,90.65227369941097,18363900
2018-05-29,90.38481903076172,91.18712848398813,89.66550419580263,90.22803969210025,28671000
2018-05-30,91.25172424316406,91.52838716984844,90.29264204520732,90.66151656634584,22158500
2018-05-31,91.1502685546875,92.21080024030006,90.93816643906268,91.56526288514259,34140900
2018-06-01,92.94855499267578,93.01310872245789,91.45458820022417,91.55603078071445,28655600
2018-06-04,93.76007843017578,93.9352986930755,93.0038746622591,93.3819800641315,27281600
2018-06-05,94.23963165283203,94.36873910558559,93.63097620199797,94.06441138016856,23514400
2018-06-06,94.51629638671875,94.61773897143348,93.97220164672987,94.50707945052952,21122900
2018-06-07,93.03153991699219,94.70072681707995,92.57043988502406,94.66383797022313,28232200
2018-06-08,93.72320556640625,94.01830935455665,92.7180107065853,93.22521660468448,22165100
2018-06-11,93.18832397460938,93.6863058427196,92.83788342971076,93.15143512589223,23490900
2018-06-12,93.4281005859375,93.55720805186631,92.91167072222225,93.23443938704428,18325200
2018-06-13,93.00389099121094,94.07364662604031,92.73645208250359,93.80620771733297,29492900
2018-06-14,93.529541015625,94.09208369098961,93.14221862676612,93.74165015380716,25691800
2018-06-15,92.33990478515625,93.63098649038739,92.2845750238474,93.61254558189418,65738600
2018-06-18,93.01310729980469,93.24365733633289,91.68513683793704,92.22923858277454,23586000
2018-06-19,93.01310729980469,93.14221475739417,91.75891453822496,91.89724596730763,28653100
2018-06-20,93.94451141357422,94.54393575224765,93.25286145126434,93.48341143870097,26180800
2018-06-21,93.27132415771484,94.48862809450561,93.03155014469925,94.13819456458198,23198200
2018-06-22,92.5981216430664,92.93010722842186,91.87879960661444,92.5981216430664,38923100
2018-06-25,90.73528289794922,92.32146846877397,89.73008799308332,92.22002587744241,35433300
2018-06-26,91.37158966064453,92.29378978147665,91.06726193217108,91.13181565919619,26897200
2018-06-27,89.95140838623047,92.23846094302884,89.8223009210481,91.83269763923961,31298400
2018-06-28,90.95659637451172,91.39925553309246,89.69318669815428,89.80384621092799,26650700
2018-06-29,90.9381332397461,92.13699593116786,90.6799183919511,91.23323692805849,28053200
2018-07-02,92.22923278808594,92.27533857099753,90.37560864082884,90.46782724248035,19564500
2018-07-03,91.34391021728516,92.80098082862942,91.24246765730311,92.6626564612243,14670300
2018-07-05,91.99866485595703,92.14621318270943,91.32545582688599,91.7588909096791,18977400
2018-07-06,93.28978729248047,93.53877828189839,91.91570375659812,92.11858895173941,19234600
2018-07-09,93.92607879638672,94.29496024362525,93.3727601434431,93.74164159068165,18212000
2018-07-10,94.17506408691406,94.53472151470656,93.93529012310991,94.06439755689043,19293100
2018-07-11,94.04597473144531,94.37796031367839,93.23443409359234,93.28054691558992,19644600
2018-07-12,96.08403015136719,96.28691529800363,94.73761885694064,94.7745006692124,24335900
2018-07-13,97.22756958007812,97.38434192904685,95.99181762532447,96.25003959729743,24635200
2018-07-16,96.74803161621094,97.58723018517944,96.38836704570497,97.19990776873244,21786900
2018-07-17,97.70711517333984,98.2143281329593,96.20393127565896,96.47137019656469,25901700
2018-07-18,96.94168090820312,97.79932731681505,96.57279944633683,97.69788473890611,29493900
2018-07-19,96.27769470214844,97.11689315940295,95.80737066716968,96.76645964390954,40171600
2018-07-20,98.002197265625,99.78204366258915,97.82698403861458,99.67138415833585,56004000
2018-07-23,99.5699462890625,99.72671861804047,97.87309444018881,98.0298738049952,29707000
2018-07-24,99.28404235839844,100.35379055949541,98.91516099960315,100.12324058972669,26316600
2018-07-25,102.20746612548828,102.50256995503409,99.2287559095285,99.56074859724632,30702100
2018-07-26,101.09158325195312,102.36421692952999,100.98091670075256,102.12444291984318,31372100
2018-07-27,99.3025131225586,101.60801351355798,97.88232403740352,101.60801351355798,37005300
2018-07-30,97.1722183227539,99.16416670081408,96.60967574952599,98.85062207223602,34668300
2018-07-31,97.8270034790039,98.41721107173576,97.18145908732066,98.20510192005268,27655200
2018-08-01,98.01142883300781,98.16820116673662,97.21833615718973,97.78087880017299,23628700
2018-08-02,99.2010498046875,99.68059069000353,96.68344080825311,97.19987757224041,26104300
2018-08-03,99.63449096679688,99.64371493702511,98.50940581709695,99.41316493211374,18659600
2018-08-06,99.71749877929688,99.98493766466297,99.19184498001282,99.70828184367745,20265900
2018-08-07,100.40912628173828,100.61201139295207,99.75436517289288,100.11402258428926,16080200
2018-08-08,100.97168731689453,101.21146131372895,100.2984851817054,100.8241389590315,15487500
2018-08-09,101.13771057128906,101.58959380803012,101.0731568283018,101.17459942954325,13677200
2018-08-10,100.51982879638672,101.15614923014127,99.94806209969208,100.90715121874617,18183700
2018-08-13,99.79126739501953,101.05468400691096,99.68982482581076,100.74113232867617,18472500
2018-08-14,101.03623962402344,101.21145989261467,99.63449858277856,100.11403953388572,16788300
2018-08-15,99.66612243652344,100.89736301272248,98.8884897465473,100.43448859768287,29982800
2018-08-16,99.64762878417969,100.77704377346073,99.33287749229736,100.25862655722872,21384300
2018-08-17,99.5920639038086,99.88830325604602,98.76814798468253,99.388398024851,18061500
2018-08-20,98.93479919433594,99.88831954411815,98.57375764563984,99.52727799542205,17914200
2018-08-21,98.1108627319336,99.37913409094755,97.99051086546741,98.98106181712713,22881900
2018-08-22,99.1106948852539,99.36990349926445,97.92573718525995,97.99053933876257,18000600
2018-08-23,99.57357025146484,100.1475372321656,98.93480817963076,99.19401679578431,18167700
2018-08-24,100.35120391845703,100.4993201018436,99.57357100123589,99.67540396733514,17234000
2018-08-27,101.46210479736328,101.49913561068199,100.45304162032396,101.15660588466304,19662300
2018-08-28,102.07308959960938,102.29526738826925,101.63798642725969,101.77685019376133,19151500
2018-08-29,103.70238494873047,103.71164441501118,102.08232443186996,102.24895951040604,20818000
2018-08-30,103.63760375976562,104.24860152553876,103.1654768275643,103.37839515473632,22798700
2018-08-31,103.98939514160156,104.40597939959572,103.2395335891452,103.39691629947859,23222700
2018-09-04,103.4154281616211,103.64686543001508,102.0360640196063,102.61928339331338,22634600
2018-09-05,100.43452453613281,103.14696986137442,100.07348292824277,102.76741637793604,32872400
2018-09-06,100.66594696044922,100.89738421660626,99.52727961538318,100.21233191599471,23477600
2018-09-07,100.1753158569336,100.64744990662261,99.26808563444708,100.19383479537936,22498600
2018-09-10,101.25841522216797,101.49911192110899,100.31415442309752,100.75850995339992,20727900
2018-09-11,102.9803237915039,103.30433455097608,100.8048149060138,100.81407437425726,24301800
2018-09-12,103.4154281616211,103.54503246688934,102.30453209849192,103.15621955108462,18891100
2018-09-13,104.52631378173828,105.28542761241907,103.79497128854888,103.79497128854888,26055600
2018-09-14,104.95215606689453,105.28542623824886,104.09120930137978,104.94289660021701,19122300
2018-09-17,103.81349182128906,105.25765799457025,103.55428323253648,105.24840558990361,20736500
2018-09-18,104.80404663085938,105.25766167704629,103.4246825565088,103.85978572981045,22170900
2018-09-19,103.4061508178711,104.90586660046014,102.79516020764099,104.65591750148049,21728400
2018-09-20,105.13732147216797,105.35024686569254,103.61909356420853,103.94310432574167,23714500
2018-09-21,105.77609252929688,106.72961295767978,105.08178071489321,105.53539578935687,71229700
2018-09-24,106.15565490722656,106.36858032255772,103.88757228130575,104.63742684377893,27334500
2018-09-25,105.95198059082031,106.55371891227321,105.30395905258183,106.27599842284461,22668000
2018-09-26,105.51687622070312,106.51667979272784,105.29469137100475,105.97049126208778,19352000
2018-09-27,105.91494750976562,106.3778220142651,105.72053400251995,106.25747012283641,19091300
2018-09-28,105.87791442871094,106.06306140137394,105.23914536608629,105.71127932815253,21647800
2018-10-01,107.02586364746094,107.09066580777638,106.21120690879452,106.22971878478218,18883100
2018-10-02,106.5999984741211,107.23876047961764,105.94271753344823,106.7388622363262,20787200
2018-10-03,106.6185302734375,107.55353891327407,106.39635245012681,106.84996756606695,16648000
2018-10-04,104.41522979736328,106.2389564441505,103.34135757498741,106.10009268258062,34821700
2018-10-05,103.80422973632812,104.7670095152075,102.4248657450153,104.2671042225449,29068900
2018-10-08,102.61925506591797,103.71163895370813,101.22137237308156,103.36911641129537,29640600
2018-10-09,103.92459106445312,104.68370500829724,102.57299828945773,102.887749578486,26198600
2018-10-10,98.27753448486328,103.22103162260312,97.93500475207948,102.98033486273057,61376300
2018-10-11,98.04606628417969,100.84182476596342,96.4630294999576,97.52764211382318,63904300
2018-10-12,101.4343032836914,102.98030219967032,99.16622138002909,100.91588617723222,47742100
2018-10-15,99.61060333251953,101.35101618847393,99.00886499536306,100.82333947559324,32068100
2018-10-16,102.75817108154297,103.13773168023751,100.86038221388338,101.40657796711831,31610200
2018-10-17,102.48967742919922,103.50799998106973,101.41581219394271,103.38765514609847,26548200
2018-10-18,100.44377136230469,102.32304079321209,99.82352119737652,101.92496842142594,32506200
2018-10-19,100.59187316894531,102.62851780847438,100.17528194978946,100.84182225011627,32785500
2018-10-22,101.48987579345703,102.33231090203031,100.20308505239457,101.20289581985338,26545600
2018-10-23,100.07345581054688,100.87885990531173,97.30546854581807,99.76795697499085,43770400
2018-10-24,94.7226333618164,100.43450275336458,94.046833512931,100.36044820432699,63897800
2018-10-25,100.25861358642578,101.15658413039557,98.26825194174234,98.63855293238873,61646800
2018-10-26,99.01809692382812,100.67518822585262,96.98145226304115,97.84239898279905,55523100
2018-10-29,96.1390380859375,100.6289195964939,94.08387405084903,100.08273104346118,55162000
2018-10-30,96.02793884277344,96.62966999210155,92.67672520053253,95.96313670071177,65350900
2018-10-31,98.87924194335938,100.11048972768616,97.56468014469212,97.6109704168172,51062400
2018-11-01,98.05534362792969,99.35139378911569,97.69430204156501,99.10144463813442,33384200
2018-11-02,98.27753448486328,99.35139984069245,97.18515019055627,98.57377393435812,37680200
2018-11-05,99.52728271484375,99.74020104191233,98.03682617374457,98.47192935893442,27922100
2018-11-06,99.72168731689453,100.75852171725614,98.38860644453858,99.40692897185286,24340200
2018-11-07,103.64683532714844,103.90604386240119,101.27692064723428,101.31395144697079,37901700
2018-11-08,103.45243835449219,103.87828199591975,102.67481267786016,103.4987286241075,25644100
2018-11-09,101.4343032836914,103.17470861459252,100.68444896000531,102.61926070582862,32039200
2018-11-12,98.93479919433594,101.7953602436826,98.22196850174817,101.29545493097159,33621800
2018-11-13,98.9996109008789,100.66595504122962,98.72188334603456,99.56431841626532,35374600
2018-11-14,97.59568786621094,100.65456086513805,97.13081367962779,100.5057977205912,39495100
2018-11-15,99.74341583251953,100.22688901459387,96.61016799366831,97.61429096140353,38505200
2018-11-16,100.68244171142578,101.23098978971016,99.29711876562448,99.55744714809275,33502100
2018-11-19,97.27027130126953,100.93347484006408,96.27544088762545,100.66384697741442,44773900
2018-11-20,94.56471252441406,95.73619753931239,92.37050564913933,94.64839357218705,64052500
2018-11-21,95.86634826660156,97.09361574508824,95.05746468786982,96.32192294975509,28130600
2018-11-23,95.82916259765625,96.51717439370799,94.8343321422536,94.9923876600706,13823100
2018-11-26,98.99029541015625,99.13905143872118,97.233071818898,97.42831809643602,32336200
2018-11-27,99.61324310302734,99.78989756908848,97.9582920844041,98.80435944062972,29124500
2018-11-28,103.31362915039062,103.50887543367779,100.28264783823118,100.31053915106988,46788500
2018-11-29,102.44898223876953,103.31364856634919,101.37047065021099,102.57914645208969,28123200
2018-11-30,103.09980773925781,103.17418931961605,101.67729370864151,102.92315325926145,33665600
2018-12-03,104.21549987792969,105.45206701318145,102.95104851767033,105.06157436839175,34732800
2018-12-04,100.89630126953125,104.72686753574386,100.6080815125074,104.07604644136164,45197000
2018-12-06,101.51923370361328,101.5657168692285,97.6235854981277,98.3859789297097,49107400
2018-12-07,97.45623016357422,101.76096284149368,96.97276410100497,100.76613230498022,45044900
2018-12-10,100.03162384033203,100.39423223099945,96.59155770467967,97.43763212720842,40801500
2018-12-11,100.96137237548828,103.15557910229101,99.89216742173524,102.08637414853797,42381900
2018-12-12,101.41693878173828,103.45308258494534,101.37974800127301,103.09978081064938,36183000
2018-12-13,101.76094818115234,103.08119615274552,100.99855486200929,101.88181999944426,31333400
2018-12-14,98.58120727539062,101.58429728855633,98.08844183052511,100.64524955596535,47043100
2018-12-17,95.66180419921875,98.36737521870621,94.56470089648415,98.00477394091753,56957300
2018-12-18,96.66593170166016,97.16799663391299,95.31779241318033,96.46138594110346,49319200
2018-12-19,96.40560913085938,99.37150155766354,94.22999429313931,96.36841834547594,68198200
2018-12-20,94.37876892089844,96.98206037381507,91.8405524835514,95.81058241204063,70334200
2018-12-21,91.3292007446289,95.76409808839519,90.61329040796451,94.49034005533642,111242100
2018-12-24,87.51719665527344,91.08743347847405,87.37774009818492,90.81780564574304,43935200
2018-12-26,93.49549102783203,93.61636285211273,87.35915338759548,88.45625671519967,51634800
2018-12-27,94.07194519042969,94.08124466076396,89.62774888859063,92.32402071871324,49498500
2018-12-28,93.3374252319336,95.21552064876104,92.52854170962678,94.9179944023268,38196300
2018-12-31,94.43453979492188,95.20623262922426,93.38392671117005,94.17421139140227,33173800
2019-01-02,94.01614379882812,94.60188263151633,91.9892923687848,92.55643935793105,35329300
2019-01-03,90.55751037597656,93.15150968705174,90.37155640954086,93.06782862880105,42579100
2019-01-04,94.76924133300781,95.30849703139141,91.97999652629915,92.7144985099424,44060600
2019-01-07,94.8901138305664,96.01510847692208,93.88599100886,94.49962122804631,35656100
2019-01-08,95.578125,96.66592877355556,94.56469569705315,95.80126259865891,31514400
2019-01-09,96.94486999511719,97.51201713016418,95.98723020448902,96.56367681040736,32280800
2019-01-10,96.3219223022461,96.4613859656991,95.18762824317267,95.96862050245953,30067600
2019-01-11,95.578125,96.173163325368,94.49961360188529,95.94072625785186,28314200
2019-01-14,94.88079833984375,95.6431915133539,94.14629647494498,94.74133470337166,28437100
2019-01-15,97.63286590576172,97.67005668704293,94.72274933789835,95.30849527630726,31587600
2019-01-16,97.97689056396484,98.7950737519159,97.58639791157975,97.86532528809359,29853900
2019-01-17,98.66487884521484,99.13904530701616,97.40042076024672,97.6235583360012,28393000
2019-01-18,100.1431884765625,100.31984292334074,98.46964579370251,99.9107514017139,37427600
2019-01-22,98.25581359863281,99.57605465649982,97.4934201757248,99.25064412722521,32371300
2019-01-23,99.21345520019531,99.52027388787432,97.93969728352094,98.6649070253307,25874300
2019-01-24,98.73927307128906,99.48307459723334,97.93968891359495,99.35291039420565,23164800
2019-01-25,99.64111328125,100.30123365462165,98.73925638877654,99.70619537176789,31225600
2019-01-28,97.69795989990234,98.9996090296295,97.30746728900934,98.79506325437589,29476700
2019-01-29,95.7082748413086,97.59566241162709,94.99236480837828,97.51198139129062,31490500
2019-01-30,98.90662384033203,98.90662384033203,97.0006440382168,97.27027190253312,49471900
2019-01-31,97.09361267089844,97.82811465957712,95.93142732680238,96.50787381110392,55636400
2019-02-01,95.55952453613281,96.78679194928101,95.15973250265337,96.48927279134861,35535700
2019-02-04,98.31159210205078,98.36738182859409,95.55023826763384,95.64321878073363,31315100
2019-02-05,99.68762969970703,99.7341128660425,98.51614466942026,98.60911809550892,27325400
2019-02-06,98.58120727539062,99.48306422621978,98.1163331434924,99.48306422621978,20609800
2019-02-07,97.87458801269531,98.17210714724324,96.96343876651164,97.8002135491201,29760700
2019-02-08,98.24650573730469,98.34877862254439,96.93556426178561,97.05642899278847,21461100
2019-02-11,97.85601043701172,99.0925774019612,97.59568204300483,98.73926850145178,18914100
2019-02-12,99.38080596923828,99.61324306938027,98.06986441301446,98.68349466881229,25056600
2019-02-13,99.30642700195312,100.2082841091281,99.21345357813888,99.94795568508121,18394900
2019-02-14,99.39008331298828,99.75268454101342,98.2371975390985,98.84152819019654,21784700
2019-02-15,100.61736297607422,100.69174454309679,99.81777886412326,100.32914327063258,26606900
2019-02-19,100.57087707519531,101.0264588728598,100.20827578704078,100.21757525667516,18038500
2019-02-20,100.04798889160156,100.78562773150345,99.24499000885827,100.71092850433887,21607700
2019-02-21,102.15819549560547,102.22355553828099,99.78654846697711,99.81455889616514,29063200
2019-02-22,103.61480712890625,103.82955852736787,102.54102876546455,102.75578728763738,27763200
2019-02-25,104.19371032714844,104.74460829718721,103.88558844000987,104.35244798722077,23750600
2019-02-26,104.91266632080078,105.73433646773522,103.80153844274797,103.8855768562051,21536700
2019-02-27,104.73526763916016,104.91267654419379,103.53076916944435,104.28708646941689,21487100
2019-02-28,104.60455322265625,105.39821306014798,104.3244417572712,104.61389240861591,29083900
2019-03-01,105.0713882446289,105.5289085178153,104.26838940875324,105.40752762354012,23501200
2019-03-04,104.81929016113281,105.74366991675967,103.45606136407102,105.52891142620486,26608000
2019-03-05,104.29640197753906,104.94067032096378,103.85756006289961,104.8099502402269,19538300
2019-03-06,104.34310913085938,105.1927969288456,104.04431930465012,104.45515798707962,17687000
2019-03-07,103.07321166992188,104.15632883328419,102.58768105705136,104.01626959682062,25339000
2019-03-08,103.1852798461914,103.37202078071165,101.5886213478002,101.92476072890467,22818400
2019-03-11,105.35152435302734,105.46356608222585,103.6241454986756,103.63347756030137,26491600
2019-03-12,106.08916473388672,106.43463623528764,105.18345608393388,105.34218661829166,26132700
2019-03-13,106.91082000732422,107.37767948333872,106.23854122206967,106.56534143053777,35513800
2019-03-14,106.99484252929688,107.56441161327596,106.7520807507262,106.94816085974544,30763400
2019-03-15,108.22738647460938,109.47856667436342,106.99487039908587,107.69515973815429,54681100
2019-03-18,109.77735137939453,109.81470099724551,108.35810151961293,108.4701432494547,31207600
2019-03-19,109.85203552246094,110.58967434532315,109.23577759815444,110.26286701495503,37588700
2019-03-20,109.73065948486328,110.87913704936534,108.97434933489302,109.60927857305046,28113300
2019-03-21,112.25170135498047,112.81193134039562,109.32915627281827,109.37584507314901,29854400
2019-03-22,109.29182434082031,111.66346460410283,109.28248515510965,111.57943330384127,33624500
2019-03-25,109.86139678955078,110.18819706189802,108.61020944493492,108.83430004258565,27067100
2019-03-26,110.09479522705078,110.84176604777994,109.10504838211295,110.75773476897814,26097700
2019-03-27,109.03035736083984,110.3749149124421,107.8632086872157,110.06678595291488,22733400
2019-03-28,109.17977142333984,109.78669024515688,108.43279331591718,109.65597014491458,18334800
2019-03-29,110.12281799316406,110.47762863849061,109.20777026487609,110.24419889516015,25399800
2019-04-01,111.13123321533203,111.21527163039491,110.27221343752652,111.0658731697101,22789100
2019-04-02,111.28997802734375,111.56075741198899,110.66438083757869,111.1685899892928,18142300
2019-04-03,112.01827239990234,112.44778229590851,111.25262308550687,111.91556273741057,22860700
2019-04-04,111.4487075805664,112.26104572736851,110.53365976725907,112.13965769038353,20112800
2019-04-05,111.94358825683594,112.26105647197672,111.45805743355871,111.4767286821144,15826200
2019-04-08,111.98091888427734,112.0649501740928,110.77642053094851,111.86887004081284,15116200
2019-04-09,111.37399291992188,111.6167618365554,110.72039251788176,110.76707419019314,17612000
2019-04-10,112.22367858886719,112.37306991082541,111.61675986983255,111.82217917077135,16477200
2019-04-11,112.35440063476562,112.83993134427101,111.97157245381841,112.55048075535684,14209100
2019-04-12,112.93330383300781,112.96132138534503,112.39175225756215,112.64385323891528,19745100
2019-04-15,113.02667999267578,113.52154988870117,112.57849176919969,112.92397033987314,15792600
2019-04-16,112.7652359008789,113.58691314657396,112.1396459060595,113.57757396231553,14071800
2019-04-17,113.698974609375,113.77367384899519,112.55050407598875,113.20410461338649,19300900
2019-04-18,115.19290924072266,115.33296138402915,113.2601113022804,114.09112059654672,27991000
2019-04-22,115.55706787109375,115.78115844117958,114.44593995807884,114.4926287585475,15648700
2019-04-23,117.125732421875,117.25645253294044,115.62244402091076,115.87454505690502,24025500
2019-04-24,116.72421264648438,117.50853317676774,116.26668521344186,117.45251231709337,31257000
2019-04-25,120.58980560302734,122.6626629649692,120.29102292561114,121.43949332968546,38033900
2019-04-26,121.28076934814453,121.869016921011,120.46843831698403,121.1033604453802,23654900
2019-04-29,121.16871643066406,121.55153038570931,120.77655616743802,121.29009021022529,16324200
2019-04-30,121.94371795654297,122.03708131640306,120.81391159708238,121.20607190230884,24166500
2019-05-01,119.40398406982422,121.9903825851974,119.23591436358876,121.87834086351423,26821700
2019-05-02,117.84465789794922,119.51601553250677,117.2003895971322,119.49734428951206,27350200
2019-05-03,120.35636901855469,120.85123893074154,118.81573842362141,118.91844807977836,24911100
2019-05-06,119.65607452392578,120.03890270250588,117.75129418604304,118.01273434521478,24239800
2019-05-07,117.20043182373047,118.75040912799564,115.98660112786847,118.07813015861375,36017700
2019-05-08,117.19107055664062,117.99406944510429,116.48144214094266,117.1257105133336,28419000
2019-05-09,117.18173217773438,117.45251153721344,115.37965425849887,116.0519330649696,27235800
2019-05-10,118.70368957519531,119.45066759743007,115.613082077527,116.63083945472908,30915100
2019-05-13,115.17423248291016,117.22841847255457,114.88478188441582,115.88386088832989,33944900
2019-05-14,116.46276092529297,117.53653195573655,115.50102447938211,115.65976210557545,25266300
2019-05-15,118.10282135009766,118.74947455783695,115.92857506546898,116.4533980652619,24722700
2019-05-16,120.83003997802734,121.25178042676004,118.51522231466336,118.7870040893273,30112200
2019-05-17,120.02404022216797,122.26388848069051,119.8834553556375,120.24895312836178,25770500
2019-05-20,118.2902603149414,119.57418582179464,117.8591605611729,118.57140859779234,23706900
2019-05-21,118.92752838134766,119.51794615388611,118.62763261830096,119.42423006857383,15293300
2019-05-22,119.64915466308594,120.18335138488968,118.57140176572481,118.66512500468781,15396500
2019-05-23,118.2527847290039,118.35587458844678,116.90324995090113,118.27152508977515,23603800
2019-05-24,118.30901336669922,119.4148805580818,118.05597916997831,118.93692628093338,14123400
2019-05-28,118.23402404785156,119.95842294565738,118.1309342061263,119.00250740884401,23128400
2019-05-29,117.09069061279297,117.5124166606057,116.24723136708701,117.50304290507549,22763100
2019-05-30,117.8310546875,117.85916880274307,116.9407338543485,117.39058114847812,16829600
2019-05-31,115.90984344482422,116.79079053046706,115.57245975883674,116.42529272899401,26646800
2019-06-03,112.31107330322266,116.55648299429211,111.53322331596902,116.06914788291841,37983600
2019-06-04,115.42251586914062,115.5349723315145,113.07020381339026,113.66062169109387,29382600
2019-06-05,117.92476654052734,117.9622544095278,116.40654002136861,117.1000477226772,24926100
2019-06-06,119.78973388671875,119.93031159686221,117.70920379681775,118.49643468357351,21459000
2019-06-07,123.14483642578125,123.94144120082262,120.20210637116702,121.07368689093146,33885600
2019-06-10,124.26947784423828,125.65649358939146,123.70716682044365,124.0820313028645,26477100
2019-06-11,123.80081939697266,125.80637326303298,123.03232905662968,125.4689897014455,23913700
2019-06-12,123.22919464111328,123.67903481500306,122.49819899598188,123.14483798962789,17092500
2019-06-13,124.00704956054688,124.6443219364454,123.29478714023557,123.6883990724366,17200800
2019-06-14,124.12886810302734,125.38467959805942,123.36975838289842,123.95080250444688,17821700
2019-06-17,124.50375366210938,125.32845826384839,124.20385067954152,124.2975739366343,14517800
2019-06-18,126.66864013671875,126.74361589044453,125.17853456934647,125.75957878551766,25934500
2019-06-19,127.16533660888672,127.39024956037937,125.40344222132903,126.51868327302087,23744400
2019-06-20,128.34608459472656,129.0114849875083,127.19336360739025,128.81467198959606,33042600
2019-06-21,128.3649139404297,129.07716208670809,127.88695964097253,127.99941611139504,36727900
2019-06-24,129.12400817871094,129.70505227285932,128.39301260860177,128.39301260860177,20628800
2019-06-25,125.04729461669922,128.94594733420595,124.39127476042653,128.62731116118212,33327400
2019-06-26,125.51586151123047,127.21216055210435,125.20660629454929,125.90948766004978,23657700
2019-06-27,125.7220458984375,126.24687601646973,125.12225434941632,125.7126792946035,16557500
2019-06-28,125.54399108886719,126.14378262099605,124.79424809866657,126.11566851012736,30043000
2019-07-01,127.15592956542969,128.11185231326922,126.4905431538185,128.04625748262103,22613500
2019-07-02,127.99942016601562,128.00878677212702,126.83731750091239,127.56831318213736,15237800
2019-07-03,128.82415771484375,129.086565725482,127.72764973447762,128.20561841826904,13629300
2019-07-05,128.44924926757812,128.70229061234994,127.19343774934305,127.39961746728143,18141100
2019-07-08,128.35549926757812,128.48670320065781,126.86538009169759,127.83066923510313,16779700
2019-07-09,127.88697052001953,128.36492486013515,127.268431279755,127.4558635131241,19953100
2019-07-10,129.1896209716797,129.87375493741123,128.41176375577768,128.5148536109011,24204400
2019-07-11,129.70506286621094,130.4735535181549,129.20836107416366,129.51763065603177,22327900
2019-07-12,130.1736297607422,130.38919035318898,129.33954440346187,130.1267824407969,18936800
2019-07-15,130.1736297607422,130.77342131766108,129.7612846842394,130.67971237761174,16651500
2019-07-16,128.46800231933594,130.3142389549489,127.9431863965516,130.22989660310742,22726100
2019-07-17,127.70887756347656,129.26457763766572,127.66201594012202,129.04903133042646,20211000
2019-07-18,127.84947967529297,128.0369119147931,126.20942255438109,127.03414156837758,30381800
2019-07-19,128.03684997558594,131.83241176501352,127.87753193407447,131.41068585511186,48992400
2019-07-22,129.73316955566406,130.4454319337942,128.70228530861493,128.77726104842654,25074900
2019-07-23,130.53915405273438,131.19518826722913,129.35831820693474,130.9796276309641,18034600
2019-07-24,131.87928771972656,131.8980352266951,130.12677477235053,130.1736220895351,20738300
2019-07-25,131.3826141357422,131.77622606531844,130.56727616020288,131.60752706683664,18356900
2019-07-26,132.46035766601562,132.77899384607088,131.48570161521116,131.55129645220575,19037600
2019-07-29,132.1697998046875,132.61963983705695,130.61408574672032,132.6102732343548,16605900
2019-07-30,131.53248596191406,132.34782344365237,131.01703697339755,131.3356729662433,16846500
2019-07-31,127.70887756347656,131.66375833191734,126.59363670837297,131.51380685724666,38598800
2019-08-01,129.38644409179688,132.08551404213475,128.32743122652846,128.39304037400944,40557500
2019-08-02,128.29925537109375,129.63005649248046,126.76228890007957,129.41449594033475,30791600
2019-08-05,123.90391540527344,125.51584327987436,122.56374769363164,124.92543274271935,42749600
2019-08-06,126.22813415527344,127.15592848188993,124.84111881739561,125.3940487716643,32696700
2019-08-07,126.78105926513672,127.12780951131678,123.54780770166487,125.38466307620416,33414500
2019-08-08,130.1642608642578,130.25798410281516,127.3902160247668,128.0181359828158,27496500
2019-08-09,129.05838012695312,130.62346071653496,127.88691133533591,129.90183193685505,23466700
2019-08-12,127.259033203125,129.19899302216984,126.74359820594343,128.45863079519498,20484300
2019-08-13,129.8925018310547,130.07993403034587,126.51866504317269,127.50270196465162,25154600
2019-08-14,125.98086547851562,128.7453382646659,125.68937598774652,128.2187747525953,32527300
2019-08-15,125.69877624511719,126.54505134704401,124.35415970387355,126.36639279171123,28074400
2019-08-16,128.00250244140625,128.31280185130936,126.67668160303253,126.8271324104605,24449100
2019-08-19,130.1464080810547,130.27804898282625,128.71715375626195,129.61984447396847,24355700
2019-08-20,129.06503295898438,130.42847373401733,129.0462373680502,129.95832570063476,21170800
2019-08-21,130.50364685058594,131.16186538417406,129.76081948683455,130.27798504275015,14970300
2019-08-22,129.553955078125,130.88917340168769,128.15290916117192,130.38141997917384,18697000
2019-08-23,125.42608642578125,130.0899610311682,124.8713152135032,128.99921419674513,38508600
2019-08-26,127.36312866210938,127.46656182715013,125.90566655391068,126.93060040668998,20312600
2019-08-27,127.63581085205078,128.55729710705387,126.62028923830437,128.24699764053847,23102100
2019-08-28,127.46654510498047,127.65460146735205,125.5765549893077,126.82715060336089,17393300
2019-08-29,129.8737030029297,130.17460466564032,128.73595266678487,129.0556499225792,20168700
2019-08-30,129.6292266845703,130.87041013092067,128.13415926255126,130.84220239448865,23940100
2019-09-03,127.9178466796875,129.00859335655247,127.59814952026122,128.45382222441097,18869300
2019-09-04,129.41294860839844,129.4693640751677,128.33159955346446,129.10264919338846,17995900
2019-09-05,131.68844604492188,131.99874541926397,130.47545627724116,130.80456558730077,26101800
2019-09-06,130.79519653320312,131.81070372065489,129.9489214132864,131.66966504122553,20824500
2019-09-09,129.30950927734375,131.40636532926285,128.3127978180758,131.255914526564,25773900
2019-09-10,127.95549011230469,128.71712762850865,126.47921840487389,128.63250442621472,28903400
2019-09-11,127.99309539794922,128.13414841594962,127.02459160168607,127.79564125963964,24726100
2019-09-12,129.30950927734375,130.15576993391286,128.69830827179652,129.6198086774933,27010000
2019-09-13,129.12144470214844,129.8172545115842,128.41622275078365,129.55397279756352,23363100
2019-09-16,128.19049072265625,128.5383954758303,127.56049444225705,127.72034295987137,16731400
2019-09-17,129.18722534179688,129.3094683737937,128.28453515892363,128.78290507869002,17814200
2019-09-18,130.24981689453125,130.3908555672847,128.37862253191844,129.1590699993063,23982100
2019-09-19,132.64756774902344,133.86994110897095,131.7072717196615,131.9235357890367,35772100
2019-09-20,131.11489868164062,133.19294515787774,129.99594395699876,132.59115619014355,39167300
2019-09-23,130.83277893066406,131.29352911496164,130.17457463008014,130.91740212335822,17139300
2019-09-24,129.17788696289062,132.29026485832162,128.70773889777342,131.9799654136106,29773200
2019-09-25,131.03965759277344,131.603840959693,127.90847003670576,129.29070637265758,21382000
2019-09-26,131.2089385986328,131.8107276530966,130.17462128353282,131.11491757786888,17456600
2019-09-27,129.50692749023438,131.97990986316026,128.49140637528126,131.78244144590232,22477700
2019-09-30,130.72935485839844,130.90801339831535,129.553984830291,129.80786877374024,17280900
2019-10-01,128.88633728027344,131.87647069137105,128.82050969495782,131.32169967702632,21466600
2019-10-02,126.61084747314453,128.22815770024698,125.60473823932058,128.11532677437685,30521700
2019-10-03,128.14353942871094,128.5854797023842,125.26623592626193,126.8929440104205,24132900
2019-10-04,129.8737030029297,129.9959460968785,128.27520237617705,128.58550183542954,22897700
2019-10-07,128.933349609375,129.9300608161574,128.83932864233915,128.952159541892,15303700
2019-10-08,127.5699691772461,129.53518456755847,127.52295150305427,128.89579011144485,25550500
2019-10-09,129.986572265625,130.41910055078947,128.79239188671826,129.25314226227343,19749900
2019-10-10,130.79519653320312,131.33115786281488,129.9959390890229,130.22161532389006,17654600
2019-10-11,131.34051513671875,132.60992025105764,131.17126877362065,131.75424759910405,25446000
2019-10-14,131.21832275390625,131.91413268071037,131.1901150189158,131.3499636331216,13304300
2019-10-15,133.1177215576172,133.32457349312352,131.46279129133137,131.69786530890337,19695700
2019-10-16,132.02703857421875,132.57241228068236,131.19957304057928,132.38434149737424,20751600
2019-10-17,131.34999084472656,132.97669940655788,130.71999405312465,132.5347590031116,21460600
2019-10-18,129.2060546875,131.64141746717655,128.40679748519608,131.41574130060494,32273500
2019-10-21,130.16514587402344,130.23097346956862,128.82992750675447,130.18395580814718,20078200
2019-10-22,128.22816467285156,131.65084163887934,128.12473153592026,130.672940083348,27431000
2019-10-23,129.0462646484375,129.24371882944357,127.51357714431069,128.7077574189304,29844600
2019-10-24,131.58506774902344,132.03640595986786,130.39088741946904,131.0679019096272,37029300
2019-10-25,132.32781982421875,132.71334453376198,130.88916844253288,131.0208092765507,25959700
2019-10-28,135.581298828125,136.97293305797643,134.94189001044404,135.77875297709673,35280100
2019-10-29,134.3025360107422,135.87282927089313,134.1332751985534,135.47790650616514,20589500
2019-10-30,135.97622680664062,136.34294173117877,134.26488092694217,134.95130744674947,18496600
2019-10-31,134.81028747558594,136.27714753346163,134.45298460750348,136.2489397898705,24605100
2019-11-01,135.13938903808594,135.79759359632766,134.43416679401625,135.64714274079148,33128400
2019-11-04,135.91978454589844,136.34291486039237,135.55306969363332,136.18306626815146,16912000
2019-11-05,135.8351593017578,136.36172273831394,135.31799365950533,136.31470507124052,18250200
2019-11-06,135.4590606689453,135.89160320967744,134.6504054084483,135.75055017893018,16575800
2019-11-07,135.64707946777344,136.2300726740913,135.18634366580756,135.2521569170413,17786700
2019-11-08,137.24563598632812,137.27384372374954,135.17697292355092,135.38383922982865,16732700
2019-11-11,137.3866424560547,137.67813190624193,136.0890294478378,136.66261055386926,14362600
2019-11-12,138.2893829345703,138.75953108187306,137.33967449443773,137.54654082707358,18641600
2019-11-13,138.5150146484375,138.65606767053015,137.54651082407602,137.97905333826856,16919200
2019-11-14,139.22021484375,139.54932416248266,138.22350344111155,138.24231337732473,19729800
2019-11-15,141.0162353515625,141.0350452946873,139.41773453273896,140.0383191780305,23485700
2019-11-18,141.36407470703125,141.5615431486386,140.0852717765639,141.11020515781956,21534000
2019-11-19,141.41110229492188,142.2949827519912,141.23244377515974,141.87185245916228,23935700
2019-11-20,141.16583251953125,142.31689851081478,140.07138836760183,141.81684690437555,25696800
2019-11-21,141.0337371826172,141.3356627255015,140.109115401588,140.9582557968961,18576100
2019-11-22,141.1374969482422,141.80738512836697,140.4110157347403,141.59038518125598,15901800
2019-11-25,142.68487548828125,142.79810478165749,141.4488982098407,141.52437960655672,22420900
2019-11-26,143.43966674804688,143.80762953784026,142.7697927854863,142.80752628335586,24620100
2019-11-27,143.71324157714844,143.88306385690717,142.95844229726785,143.72267134937988,15184400
2019-11-29,142.82638549804688,143.69439982554675,142.7320301682004,143.50570356245584,11977300
2019-12-02,141.09974670410156,143.25091516735534,139.9392513375931,143.23204122740458,27418400
2019-12-03,140.8733367919922,140.98655166596816,138.36363484378063,139.15618215141686,24066000
2019-12-04,141.38278198242188,141.6941227745706,140.7695013755254,141.6563892955998,17574700
2019-12-05,141.45831298828125,141.82629015698552,141.03374277379544,141.5715422696529,17869100
2019-12-06,143.17547607421875,143.2886909541522,141.77910643416462,142.4584245069698,16403500
2019-12-09,142.80746459960938,143.6094414498193,142.38289454809714,142.53385726757622,16687400
2019-12-10,142.59054565429688,143.30759738408432,142.2414423676983,142.74149406289047,16476100
2019-12-11,143.12828063964844,143.28867316517588,141.83569626553893,142.97731788741072,18856600
2019-12-12,144.581298828125,144.7699951052196,142.4867370401877,143.08112959320556,24612100
2019-12-13,145.79837036132812,146.13802934491036,144.19443075975641,144.35482328025358,23845400
2019-12-16,146.7418975830078,147.09098641486455,146.0720236409799,146.34563108280756,24144200
2019-12-17,145.94932556152344,146.91169503134057,145.72288145197845,146.66637698018368,25425600
2019-12-18,145.64739990234375,146.69468051322278,145.46813344875017,145.5813627016825,24129200
2019-12-19,146.9116973876953,146.9683048168397,145.06243978824867,145.29831367408323,24958900
2019-12-20,148.51564025878906,149.53461719601128,147.45891543689208,148.45903282837668,53477500
2019-12-23,148.51564025878906,149.18551404746862,148.38355145562693,149.18551404746862,17718200
2019-12-24,148.4873046875,148.79865988457055,148.2419866795432,148.5816455857477,8989200
2019-12-26,149.7044219970703,149.76102942086916,148.50617873913484,148.6571414669972,14520600
2019-12-27,149.97808837890625,150.53474740740432,149.27989635218842,150.44039207525785,18412800
2019-12-30,148.6854705810547,150.03467679735755,147.87406377591745,150.00637308062258,16348400
2019-12-31,148.7892303466797,148.8552819388846,147.60986102814766,147.91178648405898,18369400
2020-01-02,151.54429626464844,151.6480813822625,149.38369713908767,149.80826738510748,22622100
2020-01-03,149.65725708007812,150.9121078685936,149.12890188419777,149.3742199369989,21116200
2020-01-06,150.04412841796875,150.11018003103487,147.6665150898337,148.20431457930582,20813700
2020-01-07,148.67604064941406,150.64794302838786,148.43073697243855,150.31772820129783,21634100
2020-01-08,151.04421997070312,151.71410823807295,149.02513979117086,149.94976152661232,27746500
2020-01-09,152.9312286376953,153.05388769690074,151.93112540707537,152.69535469097917,21385000
2020-01-10,152.2235565185547,153.99733261890012,152.07259378733414,153.61994018744716,20725900
2020-01-13,154.053955078125,154.08225879341623,152.14809000111734,152.61983778477074,21626500
2020-01-14,152.96893310546875,154.35587267015467,152.58209648748715,154.15773227665707,23477400
2020-01-15,153.95962524414062,154.6766912077971,153.384106673567,153.43126994245833,21417900
2020-01-16,156.78067016601562,156.8467217717717,154.7615900543168,155.06351557217135,23865400
2020-01-17,157.65809631347656,158.00718502496903,156.08244623437696,157.96000737289214,34371700
2020-01-21,157.0919952392578,158.6865048817787,157.02594364620745,157.26181751293308,29517200
2020-01-22,156.33721923828125,158.02608443731478,156.31834529508856,157.94115889124797,24138800
2020-01-23,157.29957580566406,157.37505717560433,155.9315101674203,156.79952432683427,19680800
2020-01-24,155.7145233154297,158.0638327809762,155.15786431003815,158.04495883600987,24918100
2020-01-27,153.11045837402344,154.14830924899513,151.14798588100405,152.04430378397066,32078100
2020-01-28,156.11082458496094,156.39386181344818,153.85587015285586,154.52574412241393,24899900
2020-01-29,158.54498291015625,159.21487107258014,156.32777704725325,158.35628668301973,34754500
2020-01-30,163.0171661376953,164.21540956252485,161.13960473946636,164.21540956252485,51597500
2020-01-31,160.6112518310547,162.65863555385778,159.99798545017555,162.47938348314258,36142700
2020-02-03,164.52679443359375,164.6400093173289,160.77167096154713,160.79997468248092,30107000
2020-02-04,169.94241333007812,170.43303504559876,166.34769759922398,167.1308006308782,36433300
2020-02-05,169.73489379882812,173.79192874094554,168.32909422810408,173.63153617768324,39186300
2020-02-06,173.25408935546875,173.43335581021924,169.88580339182903,170.74438778216063,27751400
2020-02-07,173.49937438964844,175.1410616238674,172.1690423755364,172.51814547501266,33529100
2020-02-10,178.03762817382812,178.16971699037234,172.8955797058264,173.20693500123804,35844300
2020-02-11,174.0183563232422,179.9246344638434,173.1314680255405,179.877456797595,53159900
2020-02-12,174.27308654785156,175.34867100497553,171.57468843308777,175.09392315032483,47062900
2020-02-13,173.32958984375,175.70718848393082,172.5370425670888,172.73518298540432,35295800
2020-02-14,174.87692260742188,174.93353004235755,172.32947286250848,172.89557600506723,23149500
2020-02-18,176.65072631835938,177.0941705254967,175.01848250715855,175.12226762790567,27792200
2020-02-19,177.18051147460938,178.03197121372997,176.4141948222158,177.91844709809394,29997500
2020-02-20,174.47467041015625,177.15205703652998,171.3337175464135,176.8682324291274,36862400
2020-02-21,168.9591064453125,173.60432649349278,167.69137259385064,173.29212079528097,48572600
2020-02-24,161.6743621826172,165.1369917090435,154.42744187826224,158.72261999532847,68311100
2020-02-25,159.00640869140625,165.41130898909978,158.60904554607492,164.80582317915167,68073300
2020-02-26,160.9931640625,163.9165247766763,159.13886994906164,160.5579787737206,56206100
2020-02-27,149.6497802734375,158.02252986335748,149.46056861111845,154.51260805417675,93174900
2020-02-28,153.27325439453125,154.88158975850237,143.80307053825447,144.19096386419696,97012700
2020-03-02,163.47190856933594,163.5949026496789,153.55706992157735,156.3952882488152,71030800
2020-03-03,155.63839721679688,165.56270392318126,153.50973388064168,164.42741969774957,71677000
2020-03-04,161.3526611328125,161.49456622761386,156.68851639276582,159.40375417263303,49814400
2020-03-05,157.30352783203125,161.65545403204987,156.75480387804353,157.09539066203848,47817300
2020-03-06,152.85699462890625,154.31394044060374,147.58736201737483,153.8409040238814,72821100
2020-03-09,142.4974365234375,149.2429381244028,141.9108761880217,142.8569486959418,70419300
2020-03-10,152.2420196533203,152.3460882294673,144.35177667029004,149.63086415534653,65354400
2020-03-11,145.3451690673828,149.19567786157322,142.99889812654817,148.65642387157212,56371600
2020-03-12,131.5608673095703,145.19377837676913,131.1067564557763,137.46436615258762,93226400
2020-03-13,150.26470947265625,153.1786147486316,133.1407900163618,139.54570541900762,92727400
2020-03-16,128.11715698242188,141.2959565500694,127.71980820033161,132.45017146701056,87905900
2020-03-17,138.6658935546875,139.54573430615352,127.71982461919136,132.45018849397624,81059800
2020-03-18,132.82859802246094,138.12661078587766,127.73873683869692,130.55802937295286,81593200
2020-03-19,135.01402282714844,142.05279062232898,131.50408724036618,135.07078487160544,85922700
2020-03-20,129.9430389404297,139.16724406142794,128.53338598654668,138.12655873494813,84866200
2020-03-23,128.64694213867188,132.98942614254727,125.37353917862465,129.62139571659822,78975200
2020-03-24,140.34042358398438,141.53248444816953,133.65169697152206,135.99795327111457,82516700
2020-03-25,138.9969940185547,146.00739592119635,136.65073785463616,140.8796838162509,75638200
2020-03-26,147.69139099121094,148.21173379721907,140.36878402755934,140.39716505007598,64568100
2020-03-27,141.62705993652344,146.53717885318503,141.15402365454713,143.56651157981065,57042300
2020-03-30,151.58921813964844,151.93927483997578,141.92035440787237,144.21931847637944,63420300
2020-03-31,149.20510864257812,155.89383408368766,148.11711654538772,150.80395913051478,77927200
2020-04-01,143.90713500976562,149.24298505489344,142.6867074425819,144.74913922915178,57969900
2020-04-02,146.88723754882812,147.0953746911042,142.2514872401482,143.67059624516327,49630700
2020-04-03,145.5343475341797,148.8929080992984,143.98278907166946,146.73586375961153,41243300
2020-04-06,156.357421875,157.52108712521817,149.0821213070367,151.6743654152185,67111700
2020-04-07,154.67340087890625,160.83232776277265,154.45579380630528,160.44443456648847,62769000
2020-04-08,156.2249755859375,157.68192106171185,154.68287260348404,156.7358484464,48318200
2020-04-09,156.2344512939453,158.34418945652004,154.52206194881128,157.38866118857393,51385100
2020-04-13,156.58450317382812,156.6412796677308,153.5476175846326,155.4870697024385,41905300
2020-04-14,164.3328094482422,164.38011596592045,158.9401984591346,159.8862710690104,52874300
2020-04-15,162.61099243164062,164.20985772371654,160.11336089467187,161.9676554409461,40940800
2020-04-16,167.4927215576172,167.7197842257334,163.57598075714515,164.90049133393524,50479600
2020-04-17,168.96859741210938,170.2930934758854,166.38580843385955,169.82005710511905,52765600
2020-04-20,165.61947631835938,169.11048671754907,165.5532587393318,167.10481731275797,36669600
2020-04-21,158.76992797851562,164.30444463062025,157.152137304255,164.1436140033889,56203700
2020-04-22,164.16250610351562,164.61661686660705,161.6081132117352,162.1473670361711,34620200
2020-04-23,162.17575073242188,165.61945415085265,161.69325894092148,164.72068813801647,32790800
2020-04-24,165.13697814941406,165.14643367864994,161.5040627655281,162.78125213665297,34277600
2020-04-27,164.66392517089844,167.3602231942558,163.95437078013265,167.06694302248667,33194400
2020-04-28,160.65257263183594,166.19655818752892,160.25522390495402,166.12087065346748,34392700
2020-04-29,167.86167907714844,168.09819726179364,162.61098692676447,163.8787209318409,51286600
2020-04-30,169.54568481445312,170.6714991341824,166.72637794260925,170.29307585110467,53875900
2020-05-01,165.15591430664062,169.00642259892936,164.6261014808525,166.31957965837367,39370500
2020-05-04,169.19564819335938,169.34702329891886,164.4274478556324,165.08024036692368,30372900
2020-05-05,171.01211547851562,173.7462653146217,170.19849228666789,170.87966586290904,36839200
2020-05-06,172.69610595703125,174.26659011866553,171.83519076310364,172.26092059498853,32139300
2020-05-07,173.69895935058594,174.59772555870285,172.73396112199262,174.23821330108638,28316000
2020-05-08,174.72073364257812,175.0234838953175,173.4719249398447,175.00455839553962,30877800
2020-05-11,176.66958618164062,177.39805162240447,172.9893646854429,173.27317489045691,30892700
2020-05-12,172.66773986816406,176.95344845601588,172.46907266619553,176.72640022519468,32038200
2020-05-13,170.05654907226562,174.124664120845,167.01964968834875,172.70555522733514,44711500
2020-05-14,170.79449462890625,170.9458697177753,166.2060364945341,167.96573220384843,41873900
2020-05-15,173.28269958496094,176.97237777471676,167.45488760264234,169.40379528420186,46610400
2020-05-18,174.9383087158203,176.15873616301894,174.03954252621836,175.73300632962054,35264500
2020-05-19,173.72735595703125,176.53719337761612,173.594906340125,175.05185212609373,26799100
2020-05-20,176.1370086669922,176.317265378231,174.50523087994878,175.33060163548956,31261300
2020-05-21,174.02142333984375,177.0952410908258,173.88860485853687,175.89037841860198,29119500
2020-05-22,174.09730529785156,174.99858898917685,173.17705787964485,173.79372643034782,20826900
2020-05-26,172.25685119628906,176.93397286008036,171.8109574524387,176.782176165125,36073600
2020-05-27,172.48451232910156,172.65528721071786,167.54175424409405,170.95709263901247,39517100
2020-05-28,172.09555053710938,174.7044964020531,171.1278792209249,171.4694145313809,33810200
2020-05-29,173.85061645507812,174.81830197515532,171.15629113953952,173.3572845951785,42130400
2020-06-01,173.45217895507812,173.613457478989,172.15245442489095,173.17704569725115,22622400
2020-06-02,175.42552185058594,175.51090205839748,172.04812518661575,174.79937137437696,30794600
2020-06-03,175.85240173339844,176.40265375468076,174.16370374358848,175.34010611420507,27311000
2020-06-04,173.53759765625,176.30782219414553,172.94940355898157,174.84681881585217,28761800
2020-06-05,177.59803771972656,178.10085152705264,172.67424357239446,173.25295571540923,39893600
2020-06-08,178.6985626220703,178.87881938074497,174.9796305982764,176.40269198638714,33211600
2020-06-09,180.0646514892578,180.9184822832896,177.65492679975728,178.3569754250694,29783900
2020-06-10,186.7436065673828,188.33744291467139,181.2126393428319,181.32649410229297,43872300
2020-06-11,176.71580505371094,185.71903276484798,176.52606638990972,183.22394110740433,52854700
2020-06-12,178.11036682128906,181.88621894783518,175.6816632491681,180.76673647244982,43373600
2020-06-15,179.24876403808594,181.03233843882307,174.5716294051289,175.11239952812366,32770200
2020-06-16,183.64132690429688,185.54822386322215,181.63955340017736,182.99619824445867,42556700
2020-06-17,184.27694702148438,186.25026032660236,183.755155009725,185.0264195648279,25687800
2020-06-18,186.25027465820312,186.4115532058611,184.04926617601018,184.04926617601018,23061600
2020-06-19,185.14027404785156,189.06792275669048,184.4002833111231,188.40383036169425,44441100
2020-06-22,190.28225708007812,190.46249933268095,185.21614837815503,185.74742222527766,32818900
2020-06-23,191.55357360839844,193.48893093100943,191.0981834933236,191.72433404445357,30917400
2020-06-24,187.6923370361328,192.8248494174064,186.4779922790731,191.25948742661063,36740600
2020-06-25,190.0640869140625,190.32024203259226,185.4438852960937,187.65437585525592,27803900
2020-06-26,186.25978088378906,189.63717791443284,184.88415764056126,189.48538121109078,54675800
2020-06-29,188.26150512695312,188.34688532156488,183.62232636340255,185.73793988349985,26701600
2020-06-30,193.0714569091797,193.9158059998674,187.59742509113957,187.73024356126592,34310300
2020-07-01,194.20042419433594,195.76580026984053,191.42071814154644,192.72044279649725,32061200
2020-07-02,195.680419921875,197.3501545246881,194.48505358442102,195.1301677892324,29315800
2020-07-06,199.8926544189453,200.30060614513152,197.41652742513998,198.11857614111364,31897600
2020-07-07,197.56834411621094,203.65904475231002,197.32168536857642,199.6554977974831,33600700
2020-07-08,201.9134521484375,202.32138949194444,197.98580303193796,199.29502422948116,33600000
2020-07-09,203.3270263671875,205.28136177031627,200.6232038291473,205.2339234935537,33121700
2020-07-10,202.71035766601562,203.09933126878065,200.25320837736183,202.66291938926605,26177600
2020-07-13,196.44886779785156,204.73108016996918,195.90809757754667,203.4787793289226,38135600
2020-07-14,197.6632080078125,198.1375617448352,191.66736982330443,195.55707625734152,37591800
2020-07-15,197.3690948486328,200.4903505182694,194.51349058750174,198.81113425020624,32179400
2020-07-16,193.46047973632812,195.14917834786672,191.9330597027307,194.86456313191647,29940700
2020-07-17,192.47377014160156,194.5229672110187,191.0601908439934,193.9822114975741,31635300
2020-07-20,200.74652099609375,201.41061337801344,192.59711223612445,194.4850454497009,36884800
2020-07-21,198.04269409179688,202.9664884191698,197.3596235217493,202.70085147260994,37990400
2020-07-22,200.88882446289062,201.41061651256538,197.70116650393845,198.46961730612836,49605700
2020-07-23,192.15121459960938,200.10138824412152,191.78121924610807,196.56271325026265,67457000
2020-07-24,190.97486877441406,192.4548505157171,187.37925837427778,190.14000134039446,39827000
2020-07-27,193.39401245117188,193.50785270867794,190.55737206725937,191.13608416979247,30160900
2020-07-28,191.65792846679688,194.20045808606014,191.39229147601208,193.16637019506712,23251400
2020-07-29,193.59327697753906,194.15301100588138,191.6484234376394,192.11329538850467,19632600
2020-07-30,193.4414520263672,193.97274038237816,189.33356132079433,190.69020608720186,25079600
2020-07-31,194.49449157714844,194.57988624180553,188.8022473903706,193.915779505781,51044000
2020-08-03,205.43312072753906,206.47670479362864,199.64601352103927,200.6706193833469,78983000
2020-08-04,202.34983825683594,203.75393593196725,199.52269365345714,203.1847055797649,49280100
2020-08-05,202.01776123046875,203.97209620819024,200.71803669164214,203.87721967531724,28806400
2020-08-06,205.25286865234375,205.2718323790918,200.6990698627939,201.44854240090544,32656800
2020-08-07,201.5813751220703,204.6362145752695,200.11087553199408,203.82982184764134,27820400
2020-08-10,197.56834411621094,201.01215709979328,195.76580559059593,200.81292214799484,36716500
2020-08-11,192.9481201171875,196.99909038628428,192.7204251245038,196.5342330142289,36446500
2020-08-12,198.4601287841797,199.4942165085806,194.2478650715753,194.76016076380623,28013100
2020-08-13,197.9952850341797,200.50936900980943,197.47349292783164,198.69733391145982,22588900
2020-08-14,198.1850128173828,198.83962338076026,196.8663098259881,198.05219433177936,17958900
2020-08-17,199.49424743652344,200.35757488939987,198.20400442791444,198.84913317028403,20184800
2020-08-18,200.6421661376953,201.46753707867512,198.47911406909904,199.73140051485709,21336200
2020-08-19,199.42489624023438,201.7073072260779,198.99694871511463,201.12719606634397,27627600
2020-08-20,204.06582641601562,204.46524515358522,198.67365169213758,199.27277254292903,26981500
2020-08-21,202.58218383789062,205.6539121974253,202.42051545171722,203.38102098526042,36249300
2020-08-24,203.2193603515625,204.95969353187164,202.021090073676,204.26545250984773,25460100
2020-08-25,205.86318969726562,205.9963292581571,202.65832093865595,202.65832093865595,23043700
2020-08-26,210.31387329101562,211.2078165865678,206.70958574974338,207.2041103515407,39600800
2020-08-27,215.47776794433594,219.82383415417013,208.64957449804308,211.9685725901218,57602200
2020-08-28,217.69361877441406,219.3388462628036,215.4777849434819,216.9993776717254,26292900
2020-08-31,214.479248046875,217.49391938667625,213.31902570018514,215.87722063655664,28774200
2020-09-01,216.13394165039062,216.3051148177839,213.43308852774393,214.4601710654626,25725500
2020-09-02,220.29934692382812,221.45006436765206,216.21005476958462,216.7996706686181,34080800
2020-09-03,206.6524658203125,218.0739796006639,204.42712754859411,218.03594595556712,58400300
2020-09-04,203.75193786621094,207.66055205053038,195.13587224368297,204.5602944159865,59664100
2020-09-08,192.72982788085938,199.7386992158592,192.29236112281333,196.38166751320594,52924300
2020-09-09,200.9369659423828,204.3130219079884,196.57187546422944,197.42778494753424,45679000
2020-09-10,195.30703735351562,204.21792506843929,194.10878152227107,202.94357291773917,35461500
2020-09-11,194.03268432617188,198.40729363618516,191.37939858486314,197.04735500062918,33620100
2020-09-14,195.34510803222656,198.9493952369475,194.03272208163065,194.23243866542157,30375800
2020-09-15,198.5499725341797,199.50097346192692,196.79061501339825,198.20761161974576,21823900
2020-09-16,195.002685546875,200.32828046278414,194.612771798982,200.2997516042669,26328100
2020-09-17,192.9675750732422,194.31799446274707,190.16212562618733,190.2477122151913,34011300
2020-09-18,190.571044921875,193.6713022276265,186.63390228968643,192.86296027470001,55225300
2020-09-21,192.6156768798828,192.77735976991562,186.75752355111499,187.52783180228184,39839700
2020-09-22,197.25662231445312,197.90331052920814,192.17828054373393,195.0122594122858,33517100
2020-09-23,190.76123046875,197.9032551453432,190.22867238865066,197.7130433929197,30803800
2020-09-24,193.2338409423828,195.4972273267602,189.43934279994772,190.05750198205325,31202500
2020-09-25,197.63697814941406,198.79718568670492,192.6156809581105,193.57620097997778,29437300
2020-09-28,199.17762756347656,202.15426497540128,197.86524169936015,200.54707115888118,32004900
2020-09-29,197.1044464111328,199.77677119863617,196.67649889728182,199.09204937202554,24221900
2020-09-30,200.0240478515625,201.5931937424577,196.41974583117735,197.55143937566044,33829100
2020-10-01,202.04969787597656,203.50472838213614,200.9655572143062,203.02922783734869,27158400
2020-10-02,196.08685302734375,200.65165967071292,195.46869381405818,197.80816211628797,33154800
2020-10-05,200.071533203125,200.10006206341993,196.83812209554787,197.06636748902648,21331600
2020-10-06,195.8206024169922,199.8813658869558,194.78401489952358,198.5880185697547,28554300
2020-10-07,199.5485382080078,199.8148173226299,196.59092456741251,196.9142614192931,25681100
2020-10-08,200.26177978515625,200.84189093928686,198.112522883702,200.19520275398455,19925800
2020-10-09,205.23545837402344,205.28301131116126,200.87987343456683,200.87987343456683,26458000
2020-10-12,210.55160522460938,212.89107395427078,206.1865143322862,208.06949215642354,40461400
2020-10-13,211.94004821777344,214.17490600080814,209.62910862604807,211.80690868034506,28950800
2020-10-14,210.0380401611328,213.23340347358484,208.39281281758815,212.07318132071637,23421700
2020-10-15,208.8968505859375,209.56254827996327,205.4256887702465,206.46229072714527,22733100
2020-10-16,208.8968505859375,211.3979729585716,208.57351377899946,209.36283171619485,26057900
2020-10-19,203.72340393066406,211.40749256575168,203.24790350407042,209.61960631820077,27625800
2020-10-20,204.1323699951172,206.71909401729215,202.648810675866,205.22602991152633,22753500
2020-10-21,204.2749786376953,206.29109572858354,202.67728971744506,202.67728971744506,22724900
2020-10-22,204.36056518554688,205.47323440119598,201.32687025455576,203.44759801543634,22351500
2020-10-23,205.6348876953125,205.68244063494072,202.71532294447377,204.49368969983445,18879600
2020-10-26,199.78628540039062,205.73954624505387,197.9033075440224,203.37156311827778,37111600
2020-10-27,202.80093383789062,204.15135332070517,200.02401306196077,201.22226892417387,36700300
2020-10-28,192.7488250732422,198.60699317677955,192.19725740794587,197.49432404044896,51195600
2020-10-29,194.6889190673828,197.19956103907322,193.40506195786438,194.07077424346542,31432600
2020-10-30,192.5491180419922,194.27993181652224,189.83876017002257,193.52864762831226,36953700
2020-11-02,192.416015625,195.22146540382536,190.3142972315909,194.2799692800792,30842200
2020-11-03,196.31512451171875,197.92231848294975,193.16731360291638,193.89958841755603,27512000
2020-11-04,205.7870635986328,207.62250269793293,202.01158924216602,203.5331963345043,42311800
2020-11-05,212.34893798828125,213.13827030344208,210.31379708922137,211.16018712408462,36080100
2020-11-06,212.75790405273438,213.36654399549167,207.3467070793611,211.36943647428635,25231900
2020-11-09,207.68907165527344,216.94230571136617,207.20406645370713,213.44262960592522,44395000
2020-11-10,200.67068481445312,205.89168472264777,199.44390009868965,203.98968301620297,44045100
2020-11-11,205.93923950195312,207.35622149875866,201.80237994913776,201.98307243463896,29440800
2020-11-12,204.8836212158203,208.37379252192883,203.95164446517558,206.56689674868196,21593900
2020-11-13,205.90115356445312,206.76656767248534,203.66631065617423,205.75850926581873,18621100
2020-11-16,206.58592224121094,207.07094198920106,204.00871791849252,204.34155952810386,24953300
2020-11-17,203.95162963867188,207.01383873960796,203.59024470584538,205.51127030664728,24154100
2020-11-18,201.2628173828125,205.16259082846608,201.11978504928186,203.7132809002131,28372800
2020-11-19,202.54046630859375,203.12209614163268,200.16626953783916,201.54884251164967,24792700
2020-11-20,200.60491943359375,203.37003680442817,200.2330586209765,202.3307353728972,22843100
2020-11-23,200.33792114257812,202.4165237769286,198.4786172840736,201.13884979714734,25683500
2020-11-24,203.91355895996094,204.28541981897365,199.1461045884563,199.84214885294347,33979700
2020-11-25,203.92303466796875,205.27698960529233,202.57862394829687,205.10536827690913,21012900
2020-11-27,205.21974182128906,206.21138001911248,204.08508587815908,204.85742535014265,14512200
2020-11-30,204.11375427246094,204.77165061209422,201.03396893960857,204.14235782857054,33064800
2020-12-01,206.15426635742188,207.2126417997119,203.42728190110535,204.53332024736048,30904500
2020-12-02,205.35325622558594,205.4486111007541,202.9027930641658,204.88605516495122,23724500
2020-12-03,204.2758026123047,206.31627162696884,203.71323218020976,204.6285894289038,25120900
2020-12-04,204.39024353027344,205.36280800618596,203.26511706811746,204.25675542958834,24666000
2020-12-07,204.323486328125,205.51534953178438,203.08396023560834,204.39976731905256,24620000
2020-12-08,205.96351623535156,206.85979980104426,202.98862997399976,204.01840165272458,23284100
2020-12-09,201.9492645263672,205.21972953214708,201.38670869636965,205.1529927713702,32440600
2020-12-10,200.72882080078125,203.1697541123935,200.57625883152795,201.92068390599115,26733300
2020-12-11,203.34140014648438,203.39862180374632,199.38441997558107,200.28070346756314,30979400
2020-12-14,204.2377166748047,206.15424240250815,202.9791164445845,203.18888557447357,28798400
2020-12-15,204.17095947265625,205.40095602118834,202.36886270906425,205.16258335643218,27000600
2020-12-16,209.08148193359375,209.87288112098236,204.7335657876987,204.7621693505704,35023300
2020-12-17,209.21490478515625,210.6165371249153,207.78466889145207,209.64397264344512,32515800
2020-12-18,208.4234619140625,209.4723071680188,205.97299916488646,208.4234619140625,63354900
2020-12-21,212.23745727539062,213.58188243788,207.17442480081473,207.4318713221472,37181900
2020-12-22,213.52468872070312,215.13609017334406,211.5318968451548,212.3328254627275,22612200
2020-12-23,210.7405242919922,213.16238433393622,210.53075516838518,212.73331641714506,18699600
2020-12-24,212.39004516601562,213.2100477180936,210.91213172866298,211.12190083843498,10550600
2020-12-28,214.49728393554688,215.5175114649636,212.64750956636644,214.01099434520955,17933500
2020-12-29,213.7249298095703,216.61400540208348,213.18144768825368,215.78447316733607,17403200
2020-12-30,211.3698272705078,215.13612745772272,211.16960235597048,214.75472241960352,20272300
2020-12-31,212.07537841796875,212.62840471424002,209.46280892505516,211.38886401908798,20942100
2021-01-04,207.56536865234375,212.6284013521997,204.81931110024084,212.1802596114298,37130100
2021-01-05,207.76559448242188,208.35676854372653,205.66791808676217,207.15536108460975,23823000
2021-01-06,202.37838745117188,206.42119298469675,202.08280768192805,202.30210645441338,35930700
2021-01-07,208.1374969482422,209.1386651817966,203.7705219584249,204.08516111409094,27694500
2021-01-08,209.40565490722656,210.32101252084198,206.9361171082939,208.50937118428033,22956200
2021-01-11,207.3747100830078,208.72866521274221,206.65004779588634,208.3091269515907,23031300
2021-01-12,204.9337158203125,207.00280310584745,203.39861001025608,206.43070295929502,23249300
2021-01-13,206.2781524658203,206.67861677106026,203.98023663300623,204.06606184414557,20087100
2021-01-14,203.11256408691406,207.34606452038847,202.8455878928311,205.86815123585768,29480800
2021-01-15,202.75978088378906,204.5332740745868,202.1686213365607,203.58932764260769,31746500
2021-01-19,206.37351989746094,206.88839845005378,202.74072282622367,203.80862770514977,30480900
2021-01-20,213.90609741210938,215.2886559996151,207.18398515320732,207.5749198269977,37777300
2021-01-21,214.5067901611328,215.77493445654972,212.07538612252483,214.24934361492166,30709400
2021-01-22,215.4412078857422,219.3695992284759,215.29819010893078,216.5186569680968,30172700
2021-01-25,218.85470581054688,219.09307847095562,213.79167283132318,218.46377115568953,33152100
2021-01-26,221.52447509765625,223.2884239961353,219.3791212258297,221.07633334716795,49169600
2021-01-27,222.06796264648438,229.2572901681162,219.43633373660575,226.93077069531466,69870600
2021-01-28,227.8175048828125,231.35496145402922,224.156104425464,224.65192361732747,49111200
2021-01-29,221.17166137695312,226.94981144239858,220.59003159368262,225.01422690362025,42503100
2021-02-01,228.50405883789062,231.22151337138575,221.61985426554327,224.12753966421562,33314200
2021-02-02,228.3705596923828,231.04033664840065,227.58870485867922,230.0773162479899,25916300
2021-02-03,231.6982421875,233.69103427666695,228.1321816996905,228.427776040609,27158100
2021-02-04,230.75424194335938,231.92704579102912,229.19051802891084,231.3740195281117,25296100
2021-02-05,230.93545532226562,231.9652270718367,229.2382429616154,230.96405888066087,18054800
2021-02-08,231.19290161132812,232.34661726281524,229.6101034862142,231.84126833297145,22211900
2021-02-09,232.43243408203125,233.37638057200232,230.1535918707079,230.62079300643464,23565000
2021-02-10,231.52659606933594,234.48240822021572,229.68635163313002,233.6051986080707,22186700
2021-02-11,233.11895751953125,233.74825035400383,230.88777811855226,233.39546343401466,15751100
2021-02-12,233.59564208984375,233.89122181604614,231.44074425526568,232.5849299418051,16561100
2021-02-16,232.36569213867188,234.68268221946707,231.6219705199263,233.63383657810064,26728500
2021-02-17,233.3787078857422,233.48383401445355,230.26317424435055,230.62633988583025,21653500
2021-02-18,232.9868621826172,233.12065774190984,230.1867070550558,231.0850549171446,16925600
2021-02-19,230.2918243408203,233.05375830942427,229.53682368458402,232.94863218954157,25262600
2021-02-22,224.11805725097656,227.38650364294293,222.1015579602541,226.89910873117762,36446900
2021-02-23,222.93304443359375,224.4239133780641,218.5942185745613,220.1233231539587,30228700
2021-02-24,224.1563262939453,224.77751683776836,218.85226200566777,219.81750035690945,26339700
2021-02-25,218.84274291992188,224.19458067435608,217.78192990457228,221.79581186605404,39542200
2021-02-26,222.0824737548828,224.93996757449008,219.36831252056643,221.27013424972316,37819200
2021-03-01,226.4403839111328,226.94689663933326,222.81832355367666,225.44646168712504,25324000
2021-03-02,223.5064239501953,226.78443662211785,223.1050373218698,226.50727933754183,22812500
2021-03-03,217.47607421875,223.22931252952912,217.18936527759203,221.87223909617876,34029500
2021-03-04,216.68284606933594,222.18761091263715,214.32229870294404,216.69241226941966,44727800
2021-03-05,221.33705139160156,222.93304647278703,216.4248222073289,219.34922125325087,41872800
2021-03-08,217.31358337402344,223.0285853688386,217.06511009863868,221.11721209862156,35267400
2021-03-09,223.4204559326172,224.9495606251016,221.40395622843207,222.5603436572341,33080500
2021-03-10,222.12069702148438,226.49774377773664,221.75753141565502,226.49774377773664,29746800
2021-03-11,226.62197875976562,228.57157309890684,223.92693542163005,224.54814049035522,29907600
2021-03-12,225.3031005859375,225.37000564303278,222.89476643503502,223.6402007655921,22653700
2021-03-15,224.4048309326172,224.76799660855832,221.53777033129052,224.5481927122581,26034900
2021-03-16,227.17630004882812,229.42215512507744,225.4847304458189,225.80966043568304,28092200
2021-03-17,226.53598022460938,227.97907654629918,222.89481604963598,225.68541960258835,29562100
2021-03-18,220.49609375,223.81232862528014,220.12337642368504,222.254554234018,34833000
2021-03-19,220.14244079589844,222.16849196675588,219.18675408019257,220.78274914550676,46430700
2021-03-22,225.53253173828125,226.4021956379215,219.94175816101423,220.0660021106585,30127000
2021-03-23,227.0520477294922,230.36828174208702,226.56465276267915,226.96603942639962,31638400
2021-03-24,225.02603149414062,227.4534696700632,224.89223591881614,227.31012247600984,25620100
2021-03-25,222.0442352294922,226.4403997014099,221.30836700029914,224.87307416129178,34061900
2021-03-26,226.00082397460938,226.22064245132003,221.28929476687435,221.28929476687435,25479900
2021-03-29,224.81576538085938,226.3066344377287,221.60465718813197,226.1059337957856,25227500
2021-03-30,221.57598876953125,223.4873623553538,220.85922367484778,223.1815355819631,24792000
2021-03-31,225.32223510742188,228.50467325429472,222.09200971374034,222.58897083183447,43623500
2021-04-01,231.6106719970703,232.0789491359086,227.50121636956897,227.90260302398238,30338000
2021-04-05,238.0328826904297,238.8834432319684,231.94514876834452,232.0024876345528,36910600
2021-04-06,236.8765106201172,238.34826175018762,235.93994171916324,236.63758894050287,22931900
2021-04-07,238.8260955810547,239.8104516951834,236.23619284363235,236.82871391899718,22719800
2021-04-08,242.02764892578125,242.87820947789177,240.83304058952368,241.5689234077923,23625200
2021-04-09,244.5124053955078,244.6462009268747,241.2535108168909,241.66444902658233,24326800
2021-04-12,244.56979370117188,246.25181167284637,243.3369496576039,243.42297254578972,27148700
2021-04-13,247.03543090820312,247.7044232241074,245.44898758168762,245.85995500358172,23837500
2021-04-14,244.2639617919922,247.3603773878888,243.85302350789357,246.0702236664277,23070900
2021-04-15,248.00067138671875,248.41160962288492,246.3091166131629,246.50023643300656,25627500
2021-04-16,249.1857452392578,249.43423311853752,246.18490411402684,247.9720336082455,24878600
2021-04-19,247.2743682861328,249.89296968561638,246.39515285160775,248.66012567205544,23209300
2021-04-20,246.815673828125,248.66970848969893,245.45858578600297,246.39516931734047,19722900
2021-04-21,249.03285217285156,249.12842668538718,245.85042797866416,247.46554099520336,24030400
2021-04-22,245.77392578125,250.1796268291521,244.3117119265757,248.67919192838173,25606200
2021-04-23,249.57752990722656,249.9215922217872,245.869461527703,246.45244547326143,21462600
2021-04-26,249.9598388671875,250.8104140095919,248.64101575086653,250.06497956765273,19763300
2021-04-27,250.36122131347656,251.52716013928068,248.59319525951878,249.98848953786117,31014200
2021-04-28,243.2796173095703,245.171887578436,241.740961055206,244.73225067344254,46903100
2021-04-29,241.32044982910156,244.75137625676413,237.96599467202304,244.1397373356911,40589000
2021-04-30,241.0050506591797,241.86517738754893,238.53939195266884,238.67318749939906,30945100
2021-05-03,240.69924926757812,243.0789143649509,239.99203587034623,242.1710003473486,19626600
2021-05-04,236.80958557128906,240.07804670537047,234.8695428631059,239.84867666254803,32756100
2021-05-05,235.548095703125,238.44382515868284,234.9269051980848,238.02332068891104,21901300
2021-05-06,238.66363525390625,238.787879191213,233.84698070738517,235.52898404785154,26491100
2021-05-07,241.27267456054688,243.03113461686635,240.03983053154383,240.97639942940194,27032900
2021-05-10,236.2266387939453,240.57501632961734,236.1692999233959,239.75312515895706,29299900
2021-05-11,235.3187255859375,235.67233957139493,231.82092344292948,233.71317897375303,33641600
2021-05-12,228.40911865234375,233.5507177051827,227.52033703130473,231.43864370631172,36684400
2021-05-13,232.26051330566406,234.7166348681072,230.7218572958672,231.08502287042182,29624300
2021-05-14,237.15367126464844,238.13802749239937,234.61155548433553,234.6975637956637,23901100
2021-05-17,234.31527709960938,235.66279895566683,232.7288481318082,235.62457790092228,24970200
2021-05-18,232.30831909179688,235.4907574747066,232.13628790705022,235.35696192329095,20168000
2021-05-19,232.88307189941406,232.98844077307308,228.5534036384875,229.23349986422667,25739800
2021-05-20,236.10153198242188,237.50963627583354,233.59185626156452,233.68765143625174,21800700
2021-05-21,234.8467559814453,237.87370305685576,234.434868777639,237.14570923286777,21863100
2021-05-24,240.22052001953125,240.58452421046962,237.08820432202634,237.35641332073013,21411500
2021-05-25,241.12091064453125,242.1075396069595,240.25881249244773,241.16880823437864,17704300
2021-05-26,240.900634765625,242.28957737809495,240.19178833380082,240.84314887956268,17771600
2021-05-27,238.8123779296875,240.89100465105312,238.75490666989822,240.59406006461404,24426200
2021-05-28,239.16683959960938,241.465792745696,239.0518970580082,240.43126602240122,18270200
2021-06-01,236.98284912109375,240.70905429967564,236.56138825332587,240.65158302753886,23213300
2021-06-02,236.88705444335938,238.77410571979837,235.48852356730782,237.6821077652956,19406700
2021-06-03,235.364013671875,235.96747662588672,232.76811590692853,234.8946406042707,25307700
2021-06-04,240.2301025390625,241.05389152721682,237.08821305314711,237.3276864262583,25281100
2021-06-07,243.12295532226562,243.39116434225733,239.2913811894754,239.45422133616353,23079200
2021-06-08,241.9351806640625,245.2303368109208,241.8776947734396,244.41612144782889,22455000
2021-06-09,242.91217041015625,244.77048584234345,242.54818087729674,243.12290811584506,17937600
2021-06-10,246.40850830078125,246.61924603470985,242.98883619347527,243.58272547111343,24563600
2021-06-11,247.03118896484375,247.60590172580916,245.80505712120518,247.1269549366099,18999700
2021-06-14,248.9469451904297,249.00441645938554,245.98702867626147,247.04071732809936,19150500
2021-06-15,247.48135375976562,249.0427248617362,246.82999318734542,248.8319871197661,18038900
2021-06-16,246.54263305664062,249.60787470899828,243.70726187295284,248.47756739780246,27220000
2021-06-17,249.9143829345703,250.72859817343692,245.23029939600022,245.2877706615591,27565500
2021-06-18,248.5063018798828,251.25545152765278,247.8549413204467,248.6978922715238,37202200
2021-06-21,251.57159423828125,252.42410431894385,247.0599236858956,248.87991563157925,26696100
2021-06-22,254.33026123046875,254.59847018705628,251.3511978455227,251.65773071950383,24694100
2021-06-23,254.10040283203125,255.594714380539,253.2957757853417,254.79008733384944,19518700
2021-06-24,255.4606170654297,256.57177702121294,254.29198583888092,254.9529346852743,21446900
2021-06-25,253.86085510253906,255.99696754441268,253.61182273911726,255.0199269665694,25611100
2021-06-28,257.4051208496094,257.5775346492932,254.7134426795022,254.98165166765068,19590000
2021-06-29,259.97222900390625,260.2117023226704,256.69625037345827,257.5487601873158,19937800
2021-06-30,259.4932556152344,259.93387829121355,258.2480061790663,259.2921062333321,21656500
2021-07-01,260.1638488769531,260.39373393462904,258.24806210942415,258.2576211651032,16725300
2021-07-02,265.9591064453125,266.2943749941608,261.02596110039144,261.33249401548636,26458000
2021-07-06,265.96868896484375,267.60667851843345,262.75015189133745,266.3231048509773,31565600
2021-07-07,268.14312744140625,268.871135874846,265.48018461117033,267.6354450424523,23260000
2021-07-08,265.7388000488281,266.9936380649696,263.2961543378193,265.24067677167557,24618600
2021-07-09,266.23687744140625,266.34223167723803,263.7272015660929,264.1103530558396,23916700
2021-07-12,265.64306640625,267.98988824180765,264.9342052474398,267.40558716373033,18931700
2021-07-13,269.14886474609375,270.9401205051956,265.7100313735913,265.8345329448103,26120100
2021-07-14,270.6145324707031,271.71610427305967,268.73703995210985,270.4612659855572,23113700
2021-07-15,269.19683837890625,270.6145314366444,268.0473543610004,270.1259963441455,22604200
2021-07-16,268.9285583496094,272.1375069226489,267.6928677414366,270.1929845890148,26186800
2021-07-19,265.34600830078125,268.56451546498283,262.8938040139855,267.1851468995876,32935600
2021-07-20,267.55889892578125,269.1394178238249,264.6277462835626,266.32320775854055,26259700
2021-07-21,269.5511779785156,269.66612050122745,265.6142504127117,267.1564446467367,24364300
2021-07-22,274.0916748046875,274.3598838297518,271.48620317580924,271.88850209711006,23384100
2021-07-23,277.4730224609375,277.7795261635657,274.4364872095776,275.2698498757222,22768100
2021-07-26,276.8791198730469,277.4921857787689,274.5706221344017,276.8312368884211,23176100
2021-07-27,274.474853515625,277.3868291520572,271.03601883432543,277.2431509516731,33604100
2021-07-28,274.1683044433594,277.9328192354718,271.87892473208046,276.82165916338664,33566900
2021-07-29,274.43646240234375,276.467191757566,274.0341343071643,274.187400760919,18168300
2021-07-30,272.9134826660156,274.58979654944085,271.9555890183441,273.1625443688404,20944800
2021-08-02,272.8272705078125,274.69514554535544,271.79272901793587,274.30240564943875,16267400
2021-08-03,275.0303955078125,275.1357790008344,272.0417722643763,273.4019939880385,17879000
2021-08-04,274.4460754394531,275.48058755485204,272.6643783324015,274.1682781399353,16191300
2021-08-05,277.3293151855469,277.43469867133746,274.0533357906488,274.8004915502387,13900200
2021-08-06,277.2718505859375,277.31017451192804,275.5093300140489,276.3618692799431,16589300
2021-08-09,276.1894226074219,279.2738408759265,275.6913285064386,277.549644252639,16117600
2021-08-10,274.37896728515625,277.07064519895766,273.1911889125419,276.6395815082073,18616600
2021-08-11,274.86749267578125,276.5054820250036,273.8233632596243,275.1165250543086,13955900
2021-08-12,277.60711669921875,277.76038316922904,274.28322503938256,274.5610223433131,14561300
2021-08-13,280.5191345214844,280.5670175063844,277.1185948484272,277.29103790576875,18249000
2021-08-16,282.19549560546875,282.4062333930583,277.80832599999417,280.8448619530897,22507600
2021-08-17,280.7394104003906,281.07467896746925,278.82362342575755,280.0784907881244,20075300
2021-08-18,279.021484375,282.94676489700373,278.579988799018,280.27872459621557,21813000
2021-08-19,284.81829833984375,285.4901192550461,277.0157389505049,277.06371360649507,29850500
2021-08-20,292.1026306152344,293.5230377753495,286.05635943722655,287.64951050790023,40817600
2021-08-23,292.38092041015625,293.1007158957985,289.6936956458467,291.03730802800146,22830200
2021-08-24,290.4326171875,293.34058919776106,289.8375910575891,292.7359564242879,18175800
2021-08-25,289.8473205566406,292.32340469578435,288.3213572993628,292.0450755114326,20006100
2021-08-26,287.0448303222656,290.2503159413958,286.9104837323351,288.8683063071112,17666100
2021-08-27,287.64947509765625,288.7531556639914,284.8758490691569,286.9488636063391,22605700
2021-08-30,291.3636169433594,291.9682498481404,288.9355079671407,288.9930892639242,16348100
2021-08-31,289.7224426269531,292.23692312498054,289.35774161636004,292.16015783837884,26285300
2021-09-01,289.67449951171875,292.89919870843596,289.3481957201944,290.67262417838776,18983800
2021-09-02,289.02197265625,291.14296253785596,288.0910356747837,290.0297042504394,16285600
2021-09-03,289.01220703125,290.4134002707851,288.16764257283074,288.8682245483262,14747900
2021-09-07,288.0909118652344,288.96426715610795,286.1906707011484,288.8875018649386,17180400
2021-09-08,288.1197204589844,288.50360551584674,285.49007706649724,287.70704475507114,15046800
2021-09-09,285.2789306640625,289.9720110672176,285.03899884685137,288.70516404309024,19927000
2021-09-10,283.8009033203125,287.84137565254247,283.48420625224344,286.40178494786,19633400
2021-09-13,285.02935791015625,286.5169525710251,282.23654837919304,285.5668027729655,23652900
2021-09-14,287.7167053222656,289.252275126054,286.0947635611374,287.49595746113624,21853400
2021-09-15,292.54400634765625,293.0238698725536,289.6648251982723,291.0468344930602,28356300
2021-09-16,292.92803955078125,293.0144115143473,288.6476629433368,291.5268455497771,19550800
2021-09-17,287.79339599609375,292.2369376988319,287.4670922568032,291.92024060405146,41372500
2021-09-20,282.44769287109375,286.689699826259,277.86019819512114,284.39593784399835,38278700
2021-09-21,282.9275207519531,285.5571927677587,282.22693875475903,283.78169187930126,22364100
2021-09-22,286.5552673339844,288.12923363162474,282.64920080468016,284.77979586091107,26626300
2021-09-23,287.4959411621094,288.78197237941265,285.5476956875188,286.8145429004646,18604600
2021-09-24,287.29437255859375,287.72623226962907,284.9718196101101,286.2194826708354,14999000
2021-09-27,282.3229675292969,284.5303284068583,281.14249251178086,284.21363131308823,23571700
2021-09-28,272.101806640625,279.06943449757966,271.36282734522354,278.1288914309859,43186200
2021-09-29,272.5625305175781,275.22096437346653,271.6124099419833,273.61823631743374,26353700
2021-09-30,270.56634521484375,276.23830803362955,270.27840943903544,274.20369075422246,32343600
2021-10-01,277.4571838378906,278.301748595393,269.96171554788884,270.7582763645691,30086300
2021-10-04,271.7083435058594,276.1614916080159,268.96353787366274,275.82558124270304,31350700
2021-10-05,277.1308288574219,278.70476619683035,272.6104927683687,272.6104927683687,24993000
2021-10-06,281.3055725097656,281.80464930436574,274.0116705954445,274.27078634672546,28002600
2021-10-07,282.97552490234375,284.69344451263237,282.0829857802922,283.2922219400396,20430500
2021-10-08,282.97552490234375,284.69344451263237,281.929425938561,284.29034626701986,17685700
2021-10-11,282.3805847167969,285.96995558239155,280.96017771512624,281.12334424926865,19298600
2021-10-12,281.0849609375,283.5418606976777,280.57630659547624,283.4458821015579,17974100
2021-10-13,284.37677001953125,285.307706593833,281.67033223174053,283.0331577701654,23416300
2021-10-14,290.5574645996094,291.0565122938527,285.8355929980948,287.16002147005213,27262900
2021-10-15,291.9586486816406,292.1890031616516,288.4172524202229,290.1639632249141,25384800
2021-10-18,294.91461181640625,295.7975445356027,290.49986035476513,291.3444250695116,22729300
2021-10-19,295.81671142578125,296.8435972219743,294.8473776272357,295.9318739981731,17682100
2021-10-20,295.0296936035156,297.2274767312903,293.7820308753333,296.7571905643281,16537100
2021-10-21,298.24481201171875,298.49432114907256,294.02198921283684,294.79939513287235,16918100
2021-10-22,296.70928955078125,298.56155617287357,295.40404521926826,297.8993420062516,17449300
2021-10-25,295.7207946777344,296.939637875098,294.11803710740327,296.90124058009036,17554500
2021-10-26,297.6210632324219,299.81884727726106,296.1718947099922,298.4752347150335,28107300
2021-10-27,310.155029296875,312.96702275678115,303.27377289207794,303.27377289207794,52588700
2021-10-28,311.28753662109375,311.7865842427679,308.417932252952,311.2683233315921,26297900
2021-10-29,318.26470947265625,318.6294104720148,310.8556147805,311.07636256657173,34766000
2021-11-01,316.1053771972656,318.1399943940643,313.2261952874065,318.0152251584686,27073200
2021-11-02,319.71392822265625,320.02104795725353,316.7099773873297,317.0074904775489,26487100
2021-11-03,320.5489196777344,321.41266839400566,317.33382735020217,320.4529410895813,21500100
2021-11-04,322.8906555175781,322.98663410539643,316.2397523503642,319.48363531417436,23992200
2021-11-05,322.52593994140625,325.1460058993081,320.95200246852335,324.8772834386426,22570100
2021-11-08,323.4185485839844,324.0519722245829,320.9712552672445,323.7160617546137,20897000
2021-11-09,322.4203796386719,325.078813563159,321.0575540639552,323.5336374688277,21307400
2021-11-10,317.477783203125,321.1535552109362,316.63324777065986,321.0959739152807,25500900
2021-11-11,319.0421447753906,320.3281758647958,317.19948472941286,317.9096735712425,16849800
2021-11-12,323.1593933105469,323.6488636296379,320.34739921433277,320.47216845555636,23831000
2021-11-15,322.53558349609375,324.2726876885674,320.57773146516666,323.94638389817203,16723000
2021-11-16,325.8370361328125,326.95032335349225,321.99812680159425,322.16126404658087,20886800
2021-11-17,326.0581359863281,329.0098960712893,324.9812796361216,325.8850760747881,19053400
2021-11-18,328.1253662109375,329.2599387046323,324.1352167372241,325.15438659772514,22463500
2021-11-19,329.8944396972656,331.8078109454933,329.0195159309197,329.442570826056,21963400
2021-11-22,326.7407531738281,336.20177166262135,326.4715391090011,331.34626493417426,31031100
2021-11-23,324.6736145019531,326.3754584116151,320.7123087229874,324.067875438659,30427600
2021-11-24,324.8947448730469,325.13511563845185,321.04881262656716,323.3275227878649,21661300
2021-11-26,316.9817810058594,324.91401757282057,315.48186952965966,321.4719205549108,24217200
2021-11-29,323.6640625,325.9716160847785,321.84684534637535,322.03915370433015,28563500
2021-11-30,317.856689453125,324.7697551795586,316.31831064916247,322.4045150069706,42885600
2021-12-01,317.3663635253906,326.21202075185647,316.7029671084376,322.22187131790565,33337600
2021-12-02,316.7990417480469,320.6449739601022,315.1741330410827,317.57784067361735,30766000
2021-12-03,310.5686340332031,319.8854066749846,305.78043811748984,319.2027326168605,41779300
2021-12-06,313.6261901855469,314.8376683407075,306.93427569570224,311.4724773249387,30032600
2021-12-07,322.0199279785156,322.8660084465521,317.38557246325246,318.86626463105284,31021900
2021-12-08,322.06805419921875,322.5776391619141,318.0586560269623,322.39495499206663,24761000
2021-12-09,320.27001953125,323.5294319116375,319.3277555505204,321.5295600175577,22214200
2021-12-10,329.34637451171875,329.78864844836016,321.894881726078,322.0775658320641,38095700
2021-12-13,326.3273620605469,330.54828700278097,326.0196804228618,327.55805926915104,28899400
2021-12-14,315.6933288574219,321.75068944249216,311.6262451506804,320.3853706539691,44438700
2021-12-15,321.7603454589844,322.2795546002779,312.0012968945024,315.9529787432078,35381100
2021-12-16,312.3858642578125,323.78906948093504,310.5782712717892,322.7794945853097,35034800
2021-12-17,311.3282470703125,312.40513289702955,305.03054387453375,308.52073257010983,47750300
2021-12-20,307.5880432128906,310.3667139438823,305.3381764176737,307.722635580741,28326500
2021-12-21,314.6838684082031,315.10692339538815,307.48233874598975,310.83793531898675,24740600
2021-12-22,320.3662414550781,320.76042377980565,313.2031792638376,315.6549498972737,24831500
2021-12-23,321.79876708984375,323.4333000256045,319.91426851160736,319.9334876096026,19617800
2021-12-27,329.2599182128906,329.2887615338592,322.5102876848739,322.5391310058425,19947000
2021-12-28,328.10614013671875,330.5675347673697,327.21196780790996,329.93295233791673,15661500
2021-12-29,328.7791748046875,331.0386367329647,326.5965892757154,328.1541872836197,15042000
2021-12-30,326.2504577636719,329.9137060860202,325.76971620596595,328.7406955115323,15994500
2021-12-31,323.36602783203125,326.28891555203285,322.91412956697064,325.4716783285754,18000800
2022-01-03,321.8565673828125,324.98138842536406,317.0779937225171,322.4334632898663,28865100
2022-01-04,316.3375549316406,322.28913749513237,313.55885476913005,321.93336411107276,32674300
2022-01-05,304.1940002441406,313.51077298431005,303.80941290749814,313.30884042531306,40054300
2022-01-06,301.790283203125,306.42463822029214,299.4923247910214,301.0883900628225,39646100
2022-01-07,301.9441833496094,304.3094237353557,298.14631308588326,302.0499324142328,32720000
2022-01-10,302.1653137207031,302.5979928961551,292.9543176051216,297.56942521329626,44289500
2022-01-11,302.84796142578125,304.4151542522141,297.95401590280085,301.30958257691026,29386800
2022-01-12,306.01116943359375,310.95320590504565,304.8670023701138,307.35726904389804,34372200
2022-01-13,293.06011962890625,308.52078866011794,292.29094466926574,308.12657695710544,45366000
2022-01-14,298.2521057128906,298.8482206128136,292.0505272250826,292.53126883368355,39846400
2022-01-18,290.9927978515625,297.8673948134617,290.1178448793746,292.3581164990314,42333200
2022-01-19,291.646728515625,301.8192386810755,291.04101865902453,294.4927403274308,45933900
2022-01-20,289.9833068847656,299.6462002381442,289.541032877528,297.16558676731063,35380700
2022-01-21,284.62786865234375,292.39663994676283,284.22403280045586,291.0313502433303,57984400
2022-01-24,284.95477294921875,285.666261131879,265.4174271692936,280.94540441346044,85731500
2022-01-25,277.3782653808594,283.6279058744891,274.1861636133682,280.2915581603582,72848600
2022-01-26,285.2816467285156,296.61754086589866,281.74339590875957,296.1271750879496,90428900
2022-01-27,288.2911682128906,295.46382588935046,286.45473146740756,291.00255834028303,53481300
2022-01-28,296.3868103027344,296.59833777305556,283.10873012038377,288.6661016492175,49743700
2022-01-31,299.00201416015625,300.34808458292423,294.56956197195456,297.05020471160907,46444500
2022-02-01,296.8675231933594,298.6654918462446,293.37733494145994,298.45396439636784,40950400
2022-02-02,301.3865051269531,302.98257070424955,296.9829251353378,297.70403751014493,36636000
2022-02-03,289.6467590332031,299.2423701113963,288.40643772478234,297.5693697082304,43730000
2022-02-04,294.1560974121094,296.9059245774293,288.4160430007419,288.6467895203125,35096500
2022-02-07,289.3583679199219,295.98297161566165,288.3487929994967,294.37731117460294,28533300
2022-02-08,292.82928466796875,293.7907677485287,288.3968617508122,289.6467780186861,32421200
2022-02-09,299.2231140136719,299.91538294226615,295.55027128070327,297.93473032420275,31284700
2022-02-10,290.7332763671875,297.2136633368289,289.1179917352157,292.3293418995418,45386200
2022-02-11,283.67596435546875,292.5696824760353,282.8875412205064,291.51204526354115,39175600
2022-02-14,283.6375427246094,285.3297625384846,280.12813492881736,282.45490783075724,36359500
2022-02-15,288.8968505859375,289.21412712294915,285.57972189739905,288.45457654151164,27058300
2022-02-16,288.5595397949219,289.8794902474658,282.95213199832875,287.4708129536852,29982100
2022-02-17,280.1099548339844,285.9582018841707,279.4066103677046,285.5342722610437,32461600
2022-02-18,277.41229248046875,283.1256704001954,275.8514736331867,282.34526097655436,34264000
2022-02-22,277.2099304199219,280.8903974019096,274.1075520292779,274.58928762159644,41736100
2022-02-23,270.03204345703125,281.04454083688285,269.8682698302373,279.58004589911764,37811200
2022-02-24,283.8289794921875,284.3781651371424,261.6016916782459,262.55554816759064,56989700
2022-02-25,286.4496154785156,286.7579333141939,280.99636504653614,284.35889947396316,32546700
2022-02-28,287.8755187988281,288.2127395416602,282.29701327303695,283.5591579767434,34627500
2022-03-01,284.1758117675781,289.0124260885947,281.4780750548052,285.5728272162815,31217800
2022-03-02,289.22442626953125,290.4576682481348,282.9715074955346,284.57084383733564,31873000
2022-03-03,285.1103515625,292.0569692471533,283.3086360922176,291.82574561580225,27314500
2022-03-04,279.27166748046875,284.85981647260746,276.6799577495379,283.53986601323993,32356500
2022-03-07,268.7217712402344,279.1079901922431,268.35564745891236,277.9903600081898,43157200
2022-03-08,265.7735595703125,273.5872975701551,260.13724667838545,267.6523109324147,48159500
2022-03-09,277.96142578125,279.0212499230222,270.52342735372963,273.0862641319039,35204500
2022-03-10,275.1577453613281,276.1308607136372,270.33074508462164,272.6816172407287,30628000
2022-03-11,269.83935546875,278.9345249185214,269.22271985726513,277.441127086034,27209300
2022-03-14,266.342041015625,274.9747366839514,265.74469344120354,270.099573663449,30660700
2022-03-15,276.6607360839844,277.3062746946172,268.5483254301358,270.10914399569396,34245100
2022-03-16,283.63629150390625,283.80970925762125,272.8550467725236,278.54913550581284,37826300
2022-03-17,284.43597412109375,284.81171260660994,278.7996616158856,282.5764817272433,30816600
2022-03-18,289.4555969238281,290.0047824722256,282.0368875720342,284.580435823197,43390600
2022-03-21,288.2320861816406,289.1762986686458,284.12768891305694,287.9719595079404,28351200
2022-03-22,292.9530334472656,293.8586986740922,287.85626286698505,288.84863696836237,27599700
2022-03-23,288.5499572753906,292.15335927003025,286.84462397235353,289.5327166388402,25715400
2022-03-24,292.9916687011719,293.0880217250497,287.42280499368326,288.212858625541,24484500
2022-03-25,292.5868835449219,294.3404079254056,288.3572608939785,294.08028132501425,22566500
2022-03-28,299.35052490234375,299.4468485037341,293.2131884282858,293.2131884282858,29578200
2022-03-29,303.8884582519531,304.2834849768808,297.7607660592807,302.4432514351578,30393400
2022-03-30,302.3950500488281,304.40873068688376,300.1983369373926,302.2987264531988,28163600
2022-03-31,297.04779052734375,303.6283150055242,296.643149106342,302.4335907750661,33422100
2022-04-01,298.1172790527344,298.8013353889546,294.3790059993479,298.0690878498517,27110500
2022-04-04,303.4645080566406,303.5993787276326,298.39664041936675,298.76276415932574,24289600
2022-04-05,299.52386474609375,303.3681045702332,298.5507496416169,301.82654511251576,23156700
2022-04-06,288.5595397949219,295.7855716762638,285.87144770227894,294.04169166779053,40110400
2022-04-07,290.3613586425781,292.5580721641171,285.5247430073229,285.8234167762698,31411200
2022-04-08,286.1220397949219,290.1204393434208,285.4572423231668,289.4652859924413,24361900
2022-04-11,274.83978271484375,281.921271966205,274.5892708132743,281.13124798929533,34569300
2022-04-12,271.7567138671875,280.119637735793,270.24405686204636,278.6744307786593,30966700
2022-04-13,277.11358642578125,278.0385105603026,271.02444128433206,272.4022274692682,21907200
2022-04-14,269.6081237792969,277.7783698621316,269.1167734779353,277.56640502923614,28221600
2022-04-18,270.27294921875,272.1420858288505,268.1725889134815,268.72177459231517,20778000
2022-04-19,274.8782958984375,275.7165404624221,268.2399952405621,269.1745633932946,22297700
2022-04-20,275.89959716796875,279.1176168323527,274.9457700942281,278.8285578322928,22906700
2022-04-21,270.55230712890625,282.5860513093376,269.82970383090816,278.03846671115735,29454600
2022-04-22,264.0199890136719,272.8550320937384,263.393738668187,271.39053717811265,29405800
2022-04-25,270.4656677246094,270.84140624661075,260.8791164146194,263.3070829372568,35678900
2022-04-26,260.3491516113281,268.1917907684052,260.13718680152584,267.3632197682349,46518400
2022-04-27,272.8742980957031,280.34119944845656,268.96260761022705,271.7952151207864,63477700
2022-04-28,279.0501708984375,280.35086291082894,271.1785981856094,274.77235637930573,33646600
2022-04-29,267.38250732421875,279.2910262219157,266.3997773201998,278.0673990236614,37073900
2022-05-02,274.0785827636719,274.5314152870126,266.12994741338053,267.56550972229473,35151100
2022-05-03,271.48687744140625,273.7510403407447,269.91641488989063,273.5872373213016,25978600
2022-05-04,279.3873596191406,280.2544777268917,266.6213675689915,272.2672940906547,33599300
2022-05-05,267.2187194824219,275.8899595127689,264.3186620189304,275.1095502622621,43260400
2022-05-06,264.69439697265625,269.04927528391744,261.36076616080453,264.7714617150036,37780300
2022-05-09,254.91519165039062,262.41099624830406,253.70123795853172,260.1950242973113,47726000
2022-05-10,259.6554870605469,263.7502396394238,255.3873167232384,261.76549132988686,39336400
2022-05-11,251.03240966796875,261.4475309989085,249.82807066667775,255.97502163371615,48975900
2022-05-12,246.0223846435547,250.38690814257984,240.88708121967693,248.27690379509,51033800
2022-05-13,251.58160400390625,253.43148171105642,246.0223855668309,247.94932803549173,34925100
2022-05-16,251.94773864746094,256.1099416160169,246.43668177320907,250.46398464979046,32550900
2022-05-17,257.0733642578125,258.52818561527994,252.87261500014733,256.3892786113193,28828800
2022-05-18,245.36892700195312,254.56254010236933,244.10384241044304,253.98310507106706,31356000
2022-05-19,244.46116638183594,248.83587017478328,243.24437042893047,245.1951046927819,32692300
2022-05-20,243.9010467529297,249.67603468949343,237.99087400334946,248.420587153045,39199300
2022-05-23,251.7136993408203,252.53456328015793,244.7412333555336,246.7306193486093,33175400
2022-05-24,250.71900939941406,252.3703743626756,244.80883629191553,249.04834073920725,29043900
2022-05-25,253.5195770263672,255.50894824222092,248.31438673907394,249.28976865012686,28547900
2022-05-26,256.78369140625,257.95219866287647,252.4669428526963,253.27814016507855,25002100
2022-05-27,263.87200927734375,263.96858669067194,258.38675406725025,259.27522501006564,26910800
2022-05-31,262.5490417480469,265.34961052088613,259.70983610714705,263.1864174502178,37827700
2022-06-01,263.08013916015625,268.16944748829445,260.78173234380733,265.7648261496329,25292200
2022-06-02,265.16607666015625,265.2336837998182,252.63111175251524,255.38340607068776,44008200
2022-06-03,260.76239013671875,264.0748154478667,259.2076029156242,261.04245577782234,28059000
2022-06-06,259.5359802246094,264.77980709613064,258.0584370323219,262.732495427998,22400300
2022-06-07,263.15740966796875,263.76581500022235,256.82231988834405,257.49833236224606,22860700
2022-06-08,261.1390380859375,263.64023679590827,260.36644828068603,262.3944559964506,17372300
2022-06-09,255.71173095703125,263.36017868447857,255.5572129915601,258.5992099165968,26439700
2022-06-10,244.31625366210938,251.64601255514395,243.87201825932195,251.64601255514395,31422800
2022-06-13,233.95416259765625,240.4824068795414,233.24919461693813,236.70645685368288,46135800
2022-06-14,236.10772705078125,237.31487111467933,233.22988499278367,235.49932172717016,28651500
2022-06-15,243.12844848632812,246.54708847653447,237.97153296010552,239.79673406143797,33111700
2022-06-16,236.57125854492188,238.9372578860195,234.6881168136664,237.5466256119709,33169200
2022-06-17,239.15936279296875,241.91165700040483,235.6634784930398,236.31050590715876,43084800
2022-06-21,245.0405731201172,246.0159401392919,240.95558733169304,241.67987371090587,29928300
2022-06-22,244.45147705078125,248.35297445153836,241.78609384504884,243.253984977507,25939900
2022-06-23,249.98504638671875,250.47757061654244,244.93437427025984,246.80786429478658,25861400
2022-06-24,258.52197265625,258.79237173531016,252.74698510975713,252.8338959418169,33923200
2022-06-27,255.80833435058594,259.1013975165965,254.25351742662792,259.01448667805846,24615100
2022-06-28,247.68661499023438,257.7590162284537,247.53209704046702,254.92947810959762,27295500
2022-06-29,251.3370819091797,252.98844687606802,246.99134817655838,248.7586090036057,20069800
2022-06-30,248.02464294433594,250.6320859946273,244.2293889586405,248.23710148525814,31730900
2022-07-01,250.68031311035156,250.86380133736168,245.88072261210712,247.5997090497768,22837700
2022-07-05,253.8382110595703,253.96375873358915,246.0062612828108,247.37757490861682,22941000
2022-07-06,257.0830383300781,258.8020102285566,253.4036657301254,254.70738716056056,23824400
2022-07-07,259.1979675292969,259.8353431316474,255.9338452648158,256.0304226841945,20859900
2022-07-08,258.4833068847656,258.9082238859461,254.2631366183598,255.71170926657888,19658800
2022-07-11,255.4413299560547,257.39206399672923,253.19119709803016,256.5422299287005,19455200
2022-07-12,244.97296142578125,256.8222904951569,243.3988410088484,256.76434994360125,35868500
2022-07-13,244.0555419921875,244.8570873615849,239.603594413408,241.61228376039588,29497400
2022-07-14,245.36892700195312,246.39258278636146,237.50800563214514,241.9792718550764,25102800
2022-07-15,247.91839599609375,251.44325042079436,246.03525438925857,246.9526808402148,29774100
2022-07-18,245.5331268310547,251.89718742750497,244.61570019907097,250.84456123644622,20975000
2022-07-19,250.6320343017578,250.81552252522303,244.9825951721847,248.7488781014716,25012600
2022-07-20,253.2781524658203,255.78901825254198,250.0333630587044,250.98941181771295,22788300
2022-07-21,255.76002502441406,255.80832847001912,248.21779122798213,250.8831747670427,22404700
2022-07-22,251.43357849121094,256.23318389270804,250.18782718594753,256.14627306708184,21881300
2022-07-25,249.95602416992188,252.5344964316374,248.00529029472085,252.05163888587902,21056000
2022-07-26,243.263671875,250.97009037906219,241.01356825164817,250.95075721193598,39348000
2022-07-27,259.52630615234375,260.7913907687193,249.97539768074358,252.20619754450755,45994000
2022-07-28,266.9332580566406,268.31422328541737,258.68604458923585,260.50159330991454,33459300
2022-07-29,271.1149597167969,272.3317706761654,267.1458831627397,268.17920581962255,32152800
2022-08-01,268.478515625,271.63639399506593,266.38290049065427,268.2950273632756,21539600
2022-08-02,265.39788818359375,268.3626412541174,263.0415404728972,266.537425174636,22754200
2022-08-03,272.7855224609375,273.7802077511645,267.1264171273275,267.2712979571327,23518900
2022-08-04,273.9251403808594,274.0699917823572,270.5644699809408,272.1385611722735,18098700
2022-08-05,273.21044921875,273.9250689272582,269.1254639343299,269.57935118815436,16774600
2022-08-08,270.7092590332031,276.11726939013334,269.74354395058293,274.3113574297538,18739200
2022-08-09,272.621337890625,273.3745944260837,268.0921320968785,270.05256187655357,23405200
2022-08-10,279.2461853027344,279.8738942312327,277.10229657539446,278.2901367727336,24687800
2022-08-11,277.1795654296875,281.2259144656879,276.687070719345,280.87827114074025,20065900
2022-08-12,281.9019470214844,281.9019470214844,277.10234096743113,278.58955073001846,22619700
2022-08-15,283.40850830078125,284.0941580038276,280.16368913228314,281.02319001084084,18085700
2022-08-16,282.67449951171875,283.9589172842201,280.46303283251734,281.97918336040345,18102900
2022-08-17,281.9293518066406,283.8939138882916,280.1389803646201,280.4002663240658,18253400
2022-08-18,280.81634521484375,282.50024663716766,279.76145551717,280.8356898800539,17186200
2022-08-19,276.9259948730469,279.9260727784797,276.3550169722019,279.5873490654093,20570000
2022-08-22,268.7967224121094,273.3548871851572,268.28380815555704,272.9871317684134,25061100
2022-08-23,267.52899169921875,269.8709667468448,266.5225077065828,267.52899169921875,17527400
2022-08-24,266.8999328613281,268.29351690361904,266.24183017802443,266.5321774149117,18137000
2022-08-25,269.86126708984375,270.02577059536407,265.67082824168347,268.3902454376077,16583400
2022-08-26,259.4480895996094,271.3032096749944,259.34164963640063,270.08381644498274,27549300
2022-08-29,256.6802978515625,258.78033116845745,255.34477754961907,257.28030737067536,20338500
2022-08-30,254.49314880371094,258.4416167849743,252.25761414315465,258.0738909142503,22767100
2022-08-31,253.04153442382812,258.4997140694314,252.90603313757336,256.835186498961,24791800
2022-09-01,252.00604248046875,252.48026749324697,247.17690376904113,250.52536296277327,23263400
2022-09-02,247.805908203125,256.20610147316614,246.26716536821394,253.26411708214042,22855400
2022-09-06,245.08651733398438,249.51886860124202,243.81874738590238,247.9414362596074,21328200
2022-09-07,249.77047729492188,250.48661397846638,245.0574662441124,246.48975437812405,24126700
2022-09-08,250.18661499023438,252.0350498159717,246.57685541782593,249.20919235362013,20319900
2022-09-09,255.93515014648438,256.68034817535016,251.89958621733555,252.10280861891394,22084700
2022-09-12,258.0545959472656,258.8288258614007,256.61263518710047,257.212644911898,18747700
2022-09-13,243.8671417236328,252.00603528741846,243.48002680941664,250.49632403928555,33353300
2022-09-14,244.0897216796875,246.03492427019088,241.8057953877336,245.3574916342139,23913000
2022-09-15,237.47019958496094,243.2961347228246,236.1540384880937,241.71868768706014,31530900
2022-09-16,236.85081481933594,237.3927608644155,234.25719690326952,236.38627698047728,39791800
2022-09-19,236.63792419433594,237.23793382536144,233.0862280822725,234.65400280433187,26826900
2022-09-20,234.63461303710938,235.66044153829108,231.91519584554464,234.26687239156138,26660300
2022-09-21,231.2474365234375,239.67667590576733,231.19904532157508,236.39595324962926,28625600
2022-09-22,233.21200561523438,235.99917354124665,229.91193818738796,230.20225587391255,31061200
2022-09-23,230.25064086914062,233.35717293349165,227.6183189581972,231.8184154017902,34176000
2022-09-26,229.79583740234375,233.66689809479655,229.26356360374658,229.40873723986832,27694200
2022-09-27,228.78932189941406,234.00557453802256,226.9408872481293,232.24423519066093,27018700
2022-09-28,233.29913330078125,234.51851197700628,227.16349151340208,229.1764446378298,29029700
2022-09-29,229.8441925048828,232.21521385312766,226.853802133828,231.18938529349765,27484200
2022-09-30,225.39242553710938,232.78614833085174,225.22790728618799,230.60867743884347,35694800
2022-10-03,232.979736328125,233.8216870981845,227.09572373714803,227.82154744014306,28880400
2022-10-04,240.85736083984375,242.2896489224366,237.08306843402076,237.18952317598578,34888400
2022-10-05,241.16702270507812,242.50254306214893,236.23143031780648,238.0605054835281,20347100
2022-10-06,238.83474731445312,242.27031644163847,238.14764234917035,239.93799895986987,20239900
2022-10-07,226.6892852783203,233.54106344265196,225.65376961113512,233.13458913635256,37769600
2022-10-10,221.86013793945312,226.99896799750226,219.42136587622,225.5376480865996,29743600
2022-10-11,218.1439208984375,221.67625738261597,216.8858233948525,220.28267336430167,30474000
2022-10-12,218.47296142578125,220.5149462849339,216.74066847271945,218.13423774935973,21903900
2022-10-13,226.6892852783203,228.48932881951694,212.0663551272384,212.76314712814823,42551800
2022-10-14,221.1923828125,229.5925913283704,220.9794733149992,227.94737889006004,30198600
2022-10-17,229.87322998046875,231.25714167375685,227.5602721133645,228.21836002283007,28142300
2022-10-18,230.8119354248047,236.06689189792664,227.78282647347956,235.39914650154014,26329600
2022-10-19,228.8570556640625,231.88616474151667,226.73764801989628,229.39900168382854,19985700
2022-10-20,228.53770446777344,233.53137553473397,227.29896641864062,228.16996380022994,21811000
2022-10-21,234.3152618408203,235.16689978355862,226.9408971162325,227.17316603704901,26299700
2022-10-24,239.2799072265625,239.85088505869388,233.52170816579923,235.90240190553322,24911200
2022-10-25,242.5799560546875,242.94769667923924,237.90564976408078,239.28954649822887,34775500
2022-10-26,223.86343383789062,230.61843021635175,222.64404034026404,223.71826021026072,82543200
2022-10-27,219.4407196044922,226.15701124638468,218.50198634809382,223.5924250678105,40424600
2022-10-28,228.26669311523438,228.9731720961837,218.7632498558245,218.94712754218335,40647700
2022-10-31,224.64732360839844,227.34738181471067,223.69890315195386,226.22477072356645,28357300
2022-11-01,220.81492614746094,228.14091388312903,220.00200713618008,227.03766243441322,30592300
2022-11-02,213.00509643554688,223.8440621960301,212.94701812750728,222.06337802281334,38407000
2022-11-03,207.34364318847656,213.30507890075714,207.08234251389777,212.9953870246754,36633900
2022-11-04,214.2534942626953,214.447044310669,206.5500783111964,210.5372801806807,36789100
2022-11-07,220.52462768554688,221.04722910682952,214.1470592473895,214.8341789629505,33498000
2022-11-08,221.4923858642578,224.18277156558537,218.56005889650208,221.3278675751174,28192500
2022-11-09,217.27291870117188,221.26012061364744,217.098728086194,220.04072724111327,27852900
2022-11-10,235.14755249023438,235.48627617138314,227.42479136911933,227.84092326094827,46268000
2022-11-11,239.1444091796875,239.99604710310476,234.1313788126477,235.15722211445575,34620200
2022-11-14,233.76368713378906,236.04761359764242,231.49912010868465,234.18950618471638,31123300
2022-11-15,234.17005920410156,239.03791516146114,232.2925930542963,237.74111382164995,31390100
2022-11-16,234.5971221923828,236.60604855552322,233.3257795259496,235.62584176038104,24093300
2022-11-17,234.548583984375,236.07226408161256,230.61810181463593,230.76366974368625,23123500
2022-11-18,234.10214233398438,236.5477869566877,231.97676193163215,236.32456307646515,27613500
2022-11-21,234.9076690673828,237.45035420758848,234.0730450796648,234.30595375905,26394700
2022-11-22,237.7997283935547,238.0714650543678,233.6072093349116,236.40221710449453,19665700
2022-11-23,240.2744903564453,240.9538320187203,237.06216314669393,237.87737314142396,19508500
2022-11-25,240.18716430664062,241.3614517929226,239.44958062083853,240.01246797791015,9200800
2022-11-28,234.62623596191406,239.37194317865058,233.69457155598104,238.81877021422886,24778200
2022-11-29,233.23843383789062,235.6258367832805,231.18099474535325,234.27685297681788,17956300
2022-11-30,247.61143493652344,247.79583086530997,232.7823119741459,233.47136810668408,47594200
2022-12-01,247.1746826171875,248.56247947765692,243.51592255366535,246.3788718348064,26041500
2022-12-02,247.4949493408203,248.50425481236772,242.32222362886404,242.44839236600893,21528500
2022-12-05,242.81716918945312,246.3303613663216,240.74031627098933,244.57375787361877,23435300
2022-12-06,237.88710021972656,244.42822454321265,236.58664391475048,243.41891892957702,22463700
2022-12-07,237.15921020507812,238.89639979977625,235.0629579890975,237.60564320065706,20481500
2022-12-08,240.09979248046875,241.4002634352855,235.88785939315616,237.61533452681962,22611800
2022-12-09,238.17823791503906,240.98296029845363,236.95542284837845,237.47948221736485,20609700
2022-12-12,245.05899047851562,245.08810406106682,239.87656546489097,240.14830210772652,30665100
2022-12-13,249.33888244628906,256.13232821113195,245.60248135221084,253.96811982675712,42196900
2022-12-14,249.6300811767578,254.84162114511395,246.80594445741409,249.54274040610767,35410900
2022-12-15,241.6623077392578,246.69916567601095,240.04158720461845,246.2333334693487,35560400
2022-12-16,237.46981811523438,242.46784869143482,236.32462923624024,241.21591985097805,86102000
2022-12-19,233.35484313964844,237.97439542202883,231.66619621363287,237.63471723354715,29696400
2022-12-20,234.6650390625,235.74228609848038,231.38477037827317,232.33584867761797,25150800
2022-12-21,237.21743774414062,238.37232600874938,233.02491849714485,234.55829818550004,23690600
2022-12-22,231.16156005859375,234.84943370848737,226.9690262734001,234.14096367729437,28651700
2022-12-23,231.6856231689453,231.82149149891836,227.03697155694044,229.1429380757911,21207000
2022-12-27,229.96791076660156,231.87976737980617,228.87124949594994,231.65655824978924,16688600
2022-12-28,227.60955810546875,232.6464155156222,227.26018028486453,229.8999205275325,17457100
2022-12-29,233.8983612060547,234.7815128184782,228.69652150065144,228.69652150065144,19770700
2022-12-30,232.74346923828125,232.87933756720665,229.67671003277965,231.18097605137052,21938500
2023-01-03,232.5105438232422,238.4984794551215,230.39486293780934,235.90726682667218,25740000
2023-01-04,222.33981323242188,225.99855889308043,219.29246770974694,225.42597193507248,50623400
2023-01-05,215.75013732910156,220.83552222933494,215.21636361108918,220.49584400645332,39585600
2023-01-06,218.2928466796875,219.09835714227594,212.87751216247153,216.4198034707522,43613600
2023-01-09,220.418212890625,224.41665135349578,219.7291716302323,219.76798480761224,27369800
2023-01-10,222.09718322753906,224.48458614807703,220.62203068917864,221.0393352972296,27033900
2023-01-11,228.81297302246094,228.98765452783252,224.29047536414728,224.46515686951886,28669300
2023-01-12,231.4721221923828,232.821105949786,226.6681880812586,228.3180220940589,27269500
2023-01-13,232.17086791992188,232.30673624907553,227.98804849183014,230.0066742453539,21333300
2023-01-17,233.25784301757812,233.80131636600996,230.09402846864725,230.94806647820474,29831300
2023-01-18,228.851806640625,235.22794870990262,228.57037036509706,234.4418522484385,30028700
2023-01-19,225.0863037109375,228.57038281279662,223.87318816519613,226.88172064205048,28623000
2023-01-20,233.1316680908203,233.63632824749806,227.59015038517927,227.92982862321074,35389800
2023-01-23,235.42201232910156,237.93558370839386,232.5784623295547,233.98568794215404,31934000
2023-01-24,234.8979949951172,236.7516391990006,233.3452159013229,235.34442805481387,40234400
2023-01-25,233.5101776123047,236.12080454500452,224.0866898660757,227.56105444486033,66526600
2023-01-26,240.68212890625,240.98297919801647,234.8591741746472,236.4604808024221,33454500
2023-01-27,240.83740234375,242.45812290706542,239.54664564896942,241.6429128288479,26498900
2023-01-30,235.54818725585938,238.35290934630353,235.0532267167277,237.2950615090347,25867400
2023-01-31,240.49771118164062,240.63357952072695,235.78111768401726,236.26636386768823,26541100
2023-02-01,245.2919158935547,247.6502049501311,238.22673350670416,240.68207771157887,31259900
2023-02-02,256.792236328125,256.87957707013254,249.65911289346886,251.1827927216543,39940400
2023-02-03,250.72674560546875,256.40413270612515,249.5136299693063,251.88163406046186,29077300
2023-02-06,249.19326782226562,250.67811968147868,247.26199785047817,249.84351061809733,22518000
2023-02-07,259.6649169921875,260.83920438047807,252.40562393796253,252.84235731907512,50841400
2023-02-08,258.85943603515625,268.59347315321855,258.35476105655573,265.13852274513965,54686000
2023-02-09,255.8412322998047,265.8955501652922,255.0454213286766,265.7208390034506,42375100
2023-02-10,255.3365478515625,256.29732581806934,252.96854410513563,253.812867726257,25818500
2023-02-13,263.3139953613281,266.49720913120274,259.26702917112374,259.742590569191,44630900
2023-02-14,264.138916015625,266.856282749665,261.33417890703004,264.62416219078045,37047900
2023-02-15,262.0276794433594,263.39950469785816,258.9726863891012,261.0547562578646,28922400
2023-02-16,255.05181884765625,259.51753291113,254.80858804011677,256.87118053744996,29603600
2023-02-17,251.07252502441406,253.0475576685139,249.06830587586964,252.36652933438805,30000100
2023-02-21,245.8284912109375,248.5721416274502,244.77773242454728,247.58947974202172,28397400
2023-02-22,244.6999053955078,247.45327979594094,243.56158704829775,247.21004899921323,22491100
2023-02-23,247.87164306640625,249.88558633204974,243.69779430491118,248.64024584758673,29219100
2023-02-24,242.471923828125,244.20372595601927,241.38225458242883,243.19189234867713,24990900
2023-02-27,243.38645935058594,245.97443849874284,242.63730436651332,245.62418557007777,21190000
2023-02-28,242.6664581298828,244.6804159093662,241.995138870055,242.3259439798901,22491000
2023-03-01,239.60179138183594,244.13560203633548,239.1347775749903,243.97020688018864,27565300
2023-03-02,244.3107147216797,244.5928558822364,238.95963779243274,239.87418786109544,24808200
2023-03-03,248.37754821777344,248.69861464364337,244.58315381318207,245.3614953141732,30760100
2023-03-06,249.91477966308594,253.07678008876618,249.0488786018787,249.48669107630843,24109800
2023-03-07,247.26841735839844,250.71257368875254,246.5290010946981,249.36019623261095,21473200
2023-03-08,246.83058166503906,247.6478334867659,244.01883456634258,247.16137194826737,17340200
2023-03-09,245.48800659179688,252.53196156480467,244.76803802762987,248.89323803651243,26653400
2023-03-10,241.85894775390625,245.94522176909533,240.89576339451983,244.28153159617614,28333900
2023-03-13,247.0446319580078,250.92660047438005,239.07638938766013,240.70116918441778,33339700
2023-03-14,253.7285919189453,254.0010091653207,248.9320739144134,249.79797477159795,33620300
2023-03-15,258.2526550292969,259.26450315131655,252.19133471855704,252.94050434838186,46028000
2023-03-16,268.7214050292969,269.07164313641664,256.1512239726221,258.0289586598438,54768800
2023-03-17,271.8638916015625,275.6582857099673,268.83811504692954,270.72558821466924,69527400
2023-03-20,264.8588562011719,269.96670228330714,262.543294560003,269.4802407516752,43466600
2023-03-21,266.36688232421875,267.5538496813645,262.2222204606799,267.43710366119547,34558700
2023-03-22,264.9172058105469,273.4302818621783,264.8101688435891,265.99713606358097,34873300
2023-03-23,270.14190673828125,273.4498402612258,267.7485235593219,270.41432409449396,36610900
2023-03-24,272.9730529785156,273.03142599171395,267.8262812456373,269.7332022897182,28172000
2023-03-27,268.8964538574219,273.83888945620816,268.05972466794566,272.9048917232196,26840200
2023-03-28,267.77764892578125,268.6630125541161,264.68373074732534,268.32248351379377,21878600
2023-03-29,272.9146423339844,273.52758857930763,270.8714980799914,271.4065938576128,25087000
2023-03-30,276.3587951660156,276.7576972006701,273.8584053599599,276.53394388967973,25053400
2023-03-31,280.4937744140625,281.4375111990139,275.33729282077917,276.04753751584985,32766000
2023-04-03,279.4527587890625,280.4645776022263,276.2615716824238,278.7619618964318,24883300
2023-04-04,279.4040222167969,282.5854994542806,277.9349286652677,279.45268618193273,25824300
2023-04-05,276.6409606933594,279.3748723279069,275.25942646851195,278.11008412867955,22064800
2023-04-06,283.70440673828125,284.17139086476425,274.39352473015583,275.5415669627722,29770300
2023-04-10,281.5542297363281,281.7585352734682,277.00092706983764,281.37908101323706,23103000
2023-04-11,275.1718444824219,278.2365761916983,274.0140932371224,278.0127931758795,27276600
2023-04-12,275.81396484375,279.2386732168352,274.32539366289427,277.07878271017614,27403400
2023-04-13,281.99200439453125,282.0503774003979,275.50262448189994,275.9112355229667,24222700
2023-04-14,278.3922119140625,280.6688482565068,276.00853859815146,279.22891147364464,20987900
2023-04-17,280.980224609375,283.70442754241606,278.4117226515916,282.0796326398558,23836200
2023-04-18,280.5617980957031,283.86002128619106,279.2386370800672,283.6751635426458,20161800
2023-04-19,280.63970947265625,281.2234396408052,276.8355761901663,278.2462970182061,17150300
2023-04-20,278.3630065917969,281.2039550334732,277.3608970127179,277.52630699953454,23244400
2023-04-21,278.0224609375,278.51863143275347,275.3955571976247,277.2927687532292,21676400
2023-04-24,274.1405944824219,277.2345132199959,271.173190218911,274.4519370721957,26611000
2023-04-25,267.9625244140625,273.9751827450711,267.9138604386518,271.9417767926592,45772200
2023-04-26,287.3722839355469,291.4585727273819,284.8037824567908,288.6662882525056,64599200
2023-04-27,296.5761413574219,296.936147852177,287.2555509397699,287.9560567732343,46462600
2023-04-28,298.9403381347656,300.5651029592613,295.097280309873,295.7783383038111,36469600
2023-05-01,297.286376953125,300.2440714597597,296.887474923344,298.65820207273595,21294100
2023-05-02,297.1405029296875,300.8084130116415,295.6811180076152,299.42687857918656,26404400
2023-05-03,296.1578063964844,300.25380462015016,295.8562025897096,298.3176970170622,22360800
2023-05-04,297.1405029296875,299.42687857918656,295.1849176329067,297.9480161890788,22519900
2023-05-05,302.23858642578125,303.5228521768905,296.03133165334634,297.442082171176,28197100
2023-05-08,300.2926940917969,301.80074263730194,297.80201345372643,301.73263089775384,21318600
2023-05-09,298.6873474121094,301.6450415111089,298.01602819734876,299.66027036784914,21340800
2023-05-10,303.8536376953125,304.52495706862396,299.33928955394174,300.2635487654328,30078000
2023-05-11,301.7131652832031,302.6958271056149,297.9674351385275,301.7034562423544,31680200
2023-05-12,300.6040344238281,302.2385380136494,298.2982115576061,302.1412397708911,19774700
2023-05-15,301.080810546875,301.50889913783726,299.26144888091557,300.7305724404115,16336500
2023-05-16,303.29901123046875,305.2156707578937,301.44072470865035,301.44072470865035,26730300
2023-05-17,306.16571044921875,306.5849748220485,302.98703781876026,304.49838322404014,24315000
2023-05-18,310.57293701171875,311.07998209113083,305.89270858681226,306.68249676156313,27276000
2023-05-19,310.39739990234375,310.7971739556616,308.47655029580653,308.83731401909836,27546700
2023-05-22,313.16656494140625,314.5413890695808,310.0756729757329,310.65094892902596,24115700
2023-05-23,307.394287109375,314.66815212283035,307.3845270869392,312.04526511786804,30797200
2023-05-24,306.0194091796875,308.60328539686515,304.8103271006574,306.8774578305602,23384900
2023-05-25,317.78826904296875,318.74379887860135,312.01596067772016,315.17511275761063,43301700
2023-05-26,324.58441162109375,325.0816668912498,315.7992015223041,315.935693050292,36630600
2023-05-30,322.9462890625,327.36326419300417,322.2735022093098,326.86600894737563,29503100
2023-05-31,320.19671630859375,327.5583326539221,319.16313582793106,323.99940574363865,45950600
2023-06-01,324.2820739746094,325.2083832572948,316.6181962485788,317.79799826429337,26773900
2023-06-02,327.0317077636719,329.0793183624926,324.25280979071226,325.91040640789083,25873800
2023-06-05,327.5583190917969,330.11294548453895,326.31025620693947,326.8562818593042,21307100
2023-06-06,325.35467529296875,327.00251216553283,323.8823700342451,326.9635018339944,20396200
2023-06-07,315.3116455078125,326.14443575419256,314.4535968237107,323.37529757305805,40717100
2023-06-08,317.144775390625,318.4903491637824,315.28242630303987,315.85770223750364,23277700
2023-06-09,318.6365661621094,321.7567079982965,316.3159426317722,316.8814584828526,22529000
2023-06-12,323.5703430175781,323.81410551348466,317.0472562466259,320.3819105271756,24260300
2023-06-13,325.9494934082031,328.5723804542734,322.1468041193806,326.12499527780267,22951300
2023-06-14,328.92340087890625,330.58099797009817,324.50642506625707,325.9982505458626,26003800
2023-06-15,339.4149169921875,341.1114945004108,328.78687775426107,329.0598905688736,38899100
2023-06-16,333.788818359375,342.70078870657477,333.4183243934552,342.55453717316414,46552000
2023-06-20,329.6156311035156,333.54508130008793,327.48026928452794,330.84420359010136,26375400
2023-06-21,325.2376708984375,329.30364243212927,323.78485594149885,327.9775589781728,25117800
2023-06-22,331.2342224121094,331.63399647710884,325.0231587622799,325.7836965611128,23556800
2023-06-23,326.66119384765625,329.52784282060935,325.1303881799699,326.01765736840554,23146900
2023-06-26,320.40142822265625,327.7240333118318,320.29415725203825,325.39367934124914,21520600
2023-06-27,326.2225646972656,327.7631309778894,321.0840309080636,323.5801571324741,24354100
2023-06-28,327.4705505371094,329.5474118113246,325.48144019271336,326.3102386492254,20259500
2023-06-29,326.69049072265625,327.72404134255896,324.3211263632283,326.35897729326905,16997000
2023-06-30,332.0435485839844,334.17891054970244,328.78688502474677,329.32315064368396,26832800
2023-07-03,329.5571594238281,332.394558661991,328.1726050055835,330.727231395335,12508700
2023-07-05,329.7132263183594,333.12590209225726,326.3785712256065,326.72957502224517,18172400
2023-07-06,332.75537109375,334.43245862825876,327.1293421510927,328.88442060889855,28161200
2023-07-07,328.8063659667969,333.26235165945616,328.5918537740865,330.8539769415479,21214800
2023-07-10,323.5508117675781,326.86600540201454,319.4166095021663,326.25171917261997,32791400
2023-07-11,324.1748352050781,324.5550891855568,318.8413111644658,322.80001130179477,26698200
2023-07-12,328.7868957519531,333.12585071299276,327.2950703339859,328.201859758283,29995300
2023-07-13,334.1106872558594,335.163728322895,330.56149043448164,331.08802584608395,20567200
2023-07-14,336.6261901855469,342.66175094916304,335.7194009948272,338.91756321276256,28352700
2023-07-17,337.10400390625,338.33254651423374,333.66207903866245,337.05523355881655,20363900
2023-07-18,350.5207214355469,357.62884439822335,333.63287773911316,337.20153461943244,64738600
2023-07-19,346.22076416015625,353.4166384044317,343.6466474604791,352.72436118966306,39732900
2023-07-20,338.2155456542969,349.03860522679815,336.75297084061185,344.74839172455427,33778400
2023-07-21,335.1929931640625,341.56006971565506,331.35129303428135,340.4387679481885,69405400
2023-07-24,336.49951171875,338.2643797019485,333.7693834548789,337.2210689969038,26678100
2023-07-25,342.2230529785156,343.11035203179654,336.46050402116185,338.4495845575855,41637700
2023-07-26,329.3426818847656,336.07055179479994,324.79894456768324,332.9211290652646,58383700
2023-07-27,322.4685363769531,332.8138025679025,320.8401897883476,331.9850338749244,39635300
2023-07-28,329.92767333984375,331.52676966933615,324.8574310459994,325.3449560601863,28484900
2023-07-31,327.538818359375,329.2744062182313,325.0426629130829,328.51386838696095,25446000
2023-08-01,327.9483337402344,330.093455775555,325.374217054016,326.8270321220212,18311900
2023-08-02,319.32891845703125,325.3059805314277,318.2173470228,325.3059805314277,27761300
2023-08-03,318.5098571777344,321.6495195711113,317.81757996467144,317.86632056535905,18253700
2023-08-04,319.60186767578125,326.7782506968959,319.0753323772253,323.5995783751702,23741500
2023-08-07,321.8737487792969,322.8487988022052,319.3483727907042,320.17717126140934,17741500
2023-08-08,317.9150085449219,320.54765518196075,314.94111824721926,318.802307526203,22327600
2023-08-09,314.1903991699219,318.9486185830014,313.0398174565163,318.324602002666,22373300
2023-08-10,314.87286376953125,320.0698965106326,313.1665264082013,317.88576445394,20113700
2023-08-11,313.00079345703125,314.36585743355505,311.2456856962181,312.2695059957332,24355500
2023-08-14,315.9552307128906,315.97472100192863,312.09401103937836,313.3713539974467,18836100
2023-08-15,313.8295593261719,316.97898134379494,312.8935197157339,314.9411305404492,16966300
2023-08-16,313.0674743652344,316.9954936708588,312.48119971164607,313.45831419457073,20698900
2023-08-17,309.6280212402344,314.50381263909213,308.9733414603899,313.20426358487214,21257200
2023-08-18,309.2372131347656,311.0937247535903,304.4200159024574,307.29273496852556,24755000
2023-08-21,314.5135192871094,315.38313540758935,309.784290200261,310.65390632074093,24040000
2023-08-22,315.080322265625,318.61747186045255,314.1032077999083,318.0507585907704,16084600
2023-08-23,319.5164489746094,321.66611285256477,316.0574552143243,316.409231948521,21166400
2023-08-24,312.6473083496094,325.35957674760573,312.6375276630827,325.23254709942444,23281400
2023-08-25,315.58843994140625,317.9139473148537,311.5040788241883,314.11298756039173,21684100
2023-08-28,316.2919616699219,318.68587419815776,314.3572643100924,318.20709765634393,14808500
2023-08-29,320.8941345214844,321.45109687018396,314.51357886440167,314.51357886440167,19284600
2023-08-30,321.2654724121094,322.262118428765,318.97902814860515,321.14822344769897,15222100
2023-08-31,320.2590637207031,323.33696848625215,319.3014807588833,321.6661110110973,26411000
2023-09-01,321.138427734375,324.3922056211829,319.3014478601216,323.7277749745022,14942000
2023-09-05,325.91650390625,327.18677054781415,321.13842988312655,321.47064520868975,18553900
2023-09-06,325.2618103027344,326.80563776371406,322.62358978658284,325.75036744875047,17535800
2023-09-07,322.3597717285156,325.45720725929107,321.49990640162497,323.7081941893977,18381000
2023-09-08,326.6200256347656,328.4667861972207,321.92010767166425,322.5356945258159,19530100
2023-09-11,330.2060241699219,330.6750497904705,327.75345762157895,329.52203220068384,16583300
2023-09-12,324.17724609375,329.08237965274225,323.8939043767627,328.1345774558951,17565500
2023-09-13,328.36907958984375,329.141008354495,323.59100543664357,323.7277859536388,16544400
2023-09-14,330.9486083984375,333.0591489375493,328.8673502748984,331.3882919194356,20267000
2023-09-15,322.6627502441406,329.6784251727831,322.10578782450574,329.2094292987057,37679800
2023-09-18,321.52923583984375,322.83856545069517,318.8910152474716,320.29806225418173,16834200
2023-09-19,321.1286926269531,321.8517776748913,317.08345387408724,318.7054676141424,16505900
2023-09-20,313.428955078125,322.0471106852366,313.1749256275898,321.9689546587249,21436500
2023-09-21,312.21734619140625,317.9041588491349,307.79101939102566,311.9535360525413,35560400
2023-09-22,309.7550964355469,314.09348747067116,308.91476240736046,313.96645780671054,21447900
2023-09-25,310.27294921875,310.39997887585656,307.7910700190704,309.34467850848546,17836000
2023-09-26,304.9964904785156,308.6508886408052,302.92498298833925,307.9180528712019,26297600
2023-09-27,305.631591796875,307.10701412032984,302.6025314876758,305.1527855104158,19410100
2023-09-28,306.4621887207031,308.2600757204857,302.3680768122536,303.8728115871533,19683600
2023-09-29,308.52386474609375,312.1587314237549,307.77149741019485,310.4780935014134,24147300
2023-10-02,314.4353942871094,314.523360821819,307.96690188868587,309.04173366618016,20570000
2023-10-03,306.21783447265625,314.03474809873137,304.08770284698994,313.4875367112798,21033500
2023-10-04,311.660400390625,312.71570064039577,306.8139213204077,306.84323355961436,20720100
2023-10-05,312.05120849609375,312.6570444101147,307.6932870679997,311.7873983700248,16965600
2023-10-06,319.7704772949219,321.65630098463043,309.06128169271835,309.3055602997531,25673600
2023-10-09,322.2718811035156,322.7408769349448,315.78382712320234,317.3179038998877,19891200
2023-10-10,320.8746032714844,323.52257487302114,320.1710797301385,323.38576454759857,20557100
2023-10-11,324.8123779296875,325.20321772099476,321.60744393030456,323.6300480505899,20063200
2023-10-12,323.5812072753906,325.99468102864705,321.1970457612764,323.00471335948436,19313100
2023-10-13,320.2297668457031,326.1901418317179,318.89109484470674,324.7733436051939,21072400
2023-10-16,325.02734375,328.4472441018182,323.03402205271703,323.47370563502346,22158000
2023-10-17,324.4606018066406,325.8285559881701,319.91702585909127,322.0471280716989,18338500
2023-10-18,322.5552062988281,327.909803713785,320.78663169696983,324.88074324116036,23153600
2023-10-19,323.737548828125,329.1703024841639,323.33692834747904,324.5485406563444,25052100
2023-10-20,319.1940002441406,324.3238512632102,318.0019193859901,324.12841643957864,25027700
2023-10-23,321.78338623046875,325.11535058443394,316.9662184240121,318.0214890683035,24374700
2023-10-24,322.96563720703125,324.24565474799095,320.1026990318568,323.71800459686386,31153600
2023-10-25,332.87359619140625,338.2770379621599,329.89337919706037,337.1240202368528,55053800
2023-10-26,320.3860168457031,333.81155756370936,319.45774634837835,332.7465065726092,37828500
2023-10-27,322.2620849609375,329.0139487725961,320.8843501338627,322.867891093588,29856500
2023-10-30,329.5904541015625,331.6814932194884,324.23585648353105,325.77971392594014,22828100
2023-10-31,330.3721618652344,331.24180806391223,327.03044704898707,331.09524685603606,20265300
2023-11-01,338.1499938964844,339.46910432501784,331.8769062105877,332.01371654234873,28158800
2023-11-02,340.3485412597656,340.84684939451466,336.87976677643417,339.29324086548826,24348100
2023-11-03,344.7259521484375,346.27959030223104,339.38113512943426,341.62851616542054,23637700
2023-11-06,348.37060546875,349.3575005821622,345.2633887474612,345.36110615399525,23828300
2023-11-07,352.2790832519531,354.16490704694723,349.44545721598166,351.17493911544506,25833900
2023-11-08,354.8880310058594,355.54268108240564,352.29865348709427,353.4027977448311,26767800
2023-11-09,352.4353942871094,356.44156927918397,352.1129298373234,354.0085341532929,24847300
2023-11-10,361.20989990234375,361.6300519453443,352.8067099465058,353.21708130319655,28042100
2023-11-13,358.2882995605469,360.03734267871334,357.52615152445077,359.79306407971893,19986500
2023-11-14,361.7961730957031,363.43774810881337,358.94301547087497,362.5192580985715,27683900
2023-11-15,361.9430236816406,365.3306930182784,359.4365063311856,363.5193564786247,26860100
2023-11-16,368.3071594238281,368.48338982170065,362.4423444484434,363.2060393855787,27182300
2023-11-17,362.1192626953125,366.54477320500723,359.32882848725313,365.80064944827456,40157000
2023-11-20,369.5506286621094,370.95073116555085,363.24523724780994,363.4606399313925,52465100
2023-11-21,365.2719421386719,368.35609354646346,363.36268990163154,367.81760182816333,28423100
2023-11-22,369.9520263671875,371.85147806167527,367.1322205576516,370.0988850281661,23345300
2023-11-24,369.5408020019531,370.0695230751344,367.2986899991627,369.44288626548433,10176600
2023-11-27,370.6961669921875,372.68376401378913,368.33656782207504,368.90443134275364,22179200
2023-11-28,374.7006530761719,374.994370396148,370.25554172918464,370.4415726583984,20453100
2023-11-29,370.93109130859375,376.26715471920994,369.5505602574937,375.73846358620636,28963400
2023-11-30,370.9898986816406,372.1452267516367,367.6218003340975,370.578664516551,30554400
2023-12-01,366.681884765625,370.2555853515813,363.5487602115402,368.884854564053,33040500
2023-12-04,361.424072265625,361.7961042236622,355.31448343294096,361.3848999985792,32063300
2023-12-05,364.7334289550781,365.28172122334854,357.9776614584204,358.7903292029664,23065000
2023-12-06,361.0911560058594,366.35870548187097,360.33726166675575,365.73209860202707,21182100
2023-12-07,363.1962585449219,363.68580733396766,358.6630319776083,360.5331119373255,23118900
2023-12-08,366.40777587890625,366.6329492470928,360.5331891522053,361.48291520154305,20154400
2023-12-11,363.5389709472656,363.8327181906465,358.44768073859893,360.77793808950827,27708800
2023-12-12,366.5545654296875,366.59373770012405,362.7164896784692,363.0983520859286,24838300
2023-12-13,366.5447692871094,369.7464376106383,363.0200118977458,368.16027437565873,30955500
2023-12-14,358.2812194824219,365.9475713192963,356.51885554826436,365.50696539591144,43277500
2023-12-15,362.98089599609375,364.61597239957655,358.6238993402138,359.1819921925265,78502300
2023-12-18,364.8606872558594,365.20337736605416,360.9736688806633,361.7275930990288,21802900
2023-12-19,365.4579772949219,365.4579772949219,362.1094503782396,363.7249554315047,20603700
2023-12-20,362.8731689453125,368.1700908565403,362.78505374172363,367.1616214647713,26316700
2023-12-21,365.732177734375,366.58398798641923,362.3053356484184,364.7726511936181,17708000
2023-12-22,366.7503662109375,367.33783074743565,364.9194584779402,365.8691843460341,17107500
2023-12-26,366.8287353515625,369.0610768362086,365.69297847275107,367.1616249726416,12673100
2023-12-27,366.2510070800781,367.22030403850823,365.0173346750331,365.87894525127507,14905400
2023-12-28,367.43572998046875,368.59105792655595,366.3391454974242,367.5238451750327,14327000
2023-12-29,368.17987060546875,369.2764551389083,365.67338313483896,368.140698335078,18730800
2024-01-02,363.1178894042969,368.04274869324354,359.1035836301592,366.045381402949,25258600
2024-01-03,362.85357666015625,365.45797986261033,360.8072662610182,361.2968150611858,23083500
2024-01-04,360.2491760253906,365.30132326469203,359.49528162444665,362.9221232500447,20901500
2024-01-05,360.06317138671875,364.28307999206555,358.8392992881915,361.25767175006894,21004600
2024-01-08,366.85809326171875,367.35744261436474,361.2968258961624,361.58074269539895,23134000
2024-01-09,367.93505859375,368.13086016631314,363.43120410921466,364.23407123187167,20830000
2024-01-10,374.7691955566406,376.1399561660862,368.45403366179033,368.50297659226095,25514200
2024-01-11,376.5903625488281,382.5138918300766,372.4291972197734,377.93172165061986,27850800
2024-01-12,380.3500671386719,380.55566927985785,376.6099069263744,377.43234537080764,21661200
2024-01-16,382.1124572753906,385.7938742722587,379.51785428757296,385.4316128958056,27202300
2024-01-17,381.3291320800781,381.9557389879291,376.7665338147622,379.87028626114164,22234100
2024-01-18,385.63714599609375,385.7546329209657,381.96553019541545,383.5320922463087,23392100
2024-01-19,390.3368835449219,390.3368835449219,385.27493541414515,387.4877057228784,29331100
2024-01-22,388.2219543457031,392.24603067724127,385.36297653502737,391.6585662087808,27016900
2024-01-23,390.5620422363281,391.03201985975426,385.6959257751216,387.47789064929606,20525900
2024-01-24,394.14556884765625,397.15140596636934,392.07968703700567,393.14689994749176,24867000
2024-01-25,396.40728759765625,398.5025710526844,394.1162025271926,395.8687958055948,21021200
2024-01-26,395.4869079589844,397.680107020746,394.0182614789132,395.9177133168471,17803300
2024-01-29,401.1558837890625,401.41045873539736,395.8785331996652,397.57238286313674,24510200
2024-01-30,400.0494689941406,404.41623575131524,397.9542157503529,403.64277019124665,33477600
2024-01-31,389.2696533203125,406.6388669659615,388.9073919493629,398.4535945955144,47871100
2024-02-01,395.34002685546875,399.4718199134869,393.40140285508346,393.4307745878308,30657700
2024-02-02,402.6245422363281,404.02464472350925,395.12465055102524,395.36942496681314,28256700
2024-02-05,397.1709289550781,402.5657662041655,395.5456233801517,401.3320936868834,25352300
2024-02-06,397.0143127441406,399.44248577195293,394.48825385108364,397.39617518548,18382600
2024-02-07,405.3953857421875,405.640160164174,398.88439209328425,398.9235643671154,22340500
2024-02-08,405.4541015625,406.8738050650789,403.90714046810643,405.3953580956046,21225300
2024-02-09,411.759521484375,412.0238969836169,406.4136564644989,406.5703156804263,22032800
2024-02-12,406.580078125,411.94551383927785,406.0807287884979,411.769283442755,21202900
2024-02-13,397.8269348144531,401.49855072964925,394.9581860838381,396.4757753769111,27824900
2024-02-14,401.6720886230469,402.01541247950905,396.8460370500132,400.27921574475005,20401200
2024-02-15,398.7980041503906,401.31894521125486,396.5713534874336,400.3478557485238,21825500
2024-02-16,396.3457336425781,400.49498577796,395.73757539612643,400.1712693339194,22296500
2024-02-20,395.1000671386719,396.7675933071184,390.4113266074818,395.5414579178433,24307900
2024-02-21,394.5016784667969,394.60959394201785,389.63638185870155,392.53007321174096,18518900
2024-02-22,403.79083251953125,404.9482969480148,400.76964859968683,402.3587150074255,27009900
2024-02-23,402.5058898925781,407.92049268532105,401.1620503723916,407.7341476569605,16295900
2024-02-26,399.75927734375,404.29106777083626,399.5826911431966,403.60442015797065,16193500
2024-02-27,399.70050048828125,400.5244598178457,396.13979878680874,400.2007433350152,14835800
2024-02-28,399.9359130859375,401.48573495033145,397.58173927175767,400.38712249937714,13183100
2024-02-29,405.74285888671875,406.2921650523384,398.1702468207432,400.8383181687279,31947300
2024-03-01,407.5673522949219,407.93028353505224,403.03556125394095,403.4180998812608,17823400
2024-03-04,406.9984436035156,409.38204334564557,404.4480762959748,405.54668869062186,17596000
2024-03-05,394.9626770019531,406.3412180011649,392.991071894389,406.0567462440755,26919200
2024-03-06,394.41339111328125,397.4247865981622,390.784048581795,395.27659515513125,22344100
2024-03-07,401.32879638671875,401.9565620702222,394.56050584072034,398.3664344564578,18718500
2024-03-08,398.46453857421875,402.58436507476455,396.61060766849016,400.171309298901,18002200
2024-03-11,396.7969665527344,397.9348236347475,393.5992262388283,396.05149669102667,16120800
2024-03-12,407.3515319824219,407.6360037253644,399.02363143663507,399.83777202306123,22457000
2024-03-13,407.17498779296875,410.1961717884516,403.5946789555971,410.11771230614136,17115900
2024-03-14,417.1017761230469,419.6521433696343,410.009799228429,412.21684262615895,34157300
2024-03-15,408.4698181152344,414.53182378938754,404.9091164524236,411.28501994441507,45079900
2024-03-18,409.35260009765625,412.6975005120342,405.8801768330178,406.3412048651448,20106000
2024-03-19,413.364501953125,413.61954764814055,407.61636469929994,409.8528340561438,19837900
2024-03-20,417.1116027832031,417.8276466076136,412.62884514501485,413.94325853489937,17860100
2024-03-21,421.17254638671875,422.5948752417206,419.004747660182,421.6237557740876,21296200
2024-03-22,420.5545349121094,421.65314720940205,417.9355270131956,421.4962282540231,17648500
2024-03-25,414.7868347167969,419.2499850699005,413.5606994442316,417.12140106535213,18060500
2024-03-26,413.59991455078125,417.85705232022457,413.3056540804049,417.48430243445387,16725600
2024-03-27,413.38409423828125,416.34645586465973,411.0103133950258,416.3366372044591,16705000
2024-03-28,412.6877136230469,413.81575210575176,411.11825446083225,412.9231220201488,21871200
2024-04-01,416.4642333984375,419.7208560550212,414.15909296576694,415.85607505767865,16316000
2024-04-02,413.39398193359375,414.31603809824145,409.86270618972446,412.0893571765106,17912000
2024-04-03,412.4228820800781,415.17923184367993,411.0888313055727,411.7166269488562,16502300
2024-04-04,409.9019470214844,420.4859554910503,409.59786785676073,416.8761903565226,19370900
2024-04-05,417.3961181640625,418.3672378045873,410.3335958722284,411.9913334096959,16554800
2024-04-08,416.48382568359375,419.12247124179834,415.21844567326013,417.0527692258899,14272400
2024-04-09,418.1415710449219,419.5736887198931,413.5705349702072,418.2985199584035,12496900
2024-04-10,415.17919921875,415.9344877287147,411.68716854848634,414.12962029851764,16216600
2024-04-11,419.7600402832031,421.1725504908495,414.2963744060529,417.69033834286756,17966400
2024-04-12,413.84515380859375,417.06253143112855,411.75581460240056,415.95410040174403,19253800
2024-04-15,405.74285888671875,418.6712210349568,405.53684662340567,418.45542004596757,20273500
2024-04-16,406.6648864746094,410.4119627811132,405.8311384974836,406.6550977488978,16765600
2024-04-17,403.9772644042969,410.88286711080787,402.49608331512337,409.28398181705415,15855500
2024-04-18,396.5517578125,404.02630364117994,396.23788993068626,402.7903496970384,21029900
2024-04-19,391.5000915527344,397.738683518828,390.1758594431205,396.31635459832717,30565800
2024-04-22,393.3049621582031,395.1588931129713,388.1944385754191,392.44175811164087,20286900
2024-04-23,399.78875732421875,400.4067342721825,395.3648518176367,396.5223162949651,15734500
2024-04-24,401.2503356933594,404.595236495939,399.0138660286807,401.74078982977966,15065300
2024-04-25,391.4216613769531,392.2554394295144,380.6218512778305,386.50730115245716,40586500
2024-04-26,398.5626220703125,405.1150815807432,398.01331587991365,404.30094095620495,29694700
2024-04-29,394.5703125,398.562615947593,391.56873588609426,397.5130370183344,19582100
2024-04-30,381.8970031738281,394.4820730278576,381.74008419354954,393.8248513162942,28781400
2024-05-01,387.3998718261719,394.05042796595137,382.85826224732904,385.11433904555116,23562500
2024-05-02,390.2445373535156,392.2946320183516,387.1154376190438,390.067981051651,17709400
2024-05-03,398.8961486816406,399.37678414031285,394.1877711661832,394.59976579857647,17446700
2024-05-06,405.644775390625,406.0273140130064,398.6116505989638,400.95603550783153,16996600
2024-05-07,401.52490234375,406.7531590756513,401.27967532834964,406.743340415855,20018200
2024-05-08,402.70208740234375,404.3598247646084,398.9451919846881,400.37733960441915,11792300
2024-05-09,404.44805908203125,404.84041635842834,401.2895336143813,402.73146980472023,14689700
2024-05-10,406.8218078613281,407.4496034018255,403.9379357089135,405.0561852898224,13402300
2024-05-13,405.82135009765625,410.3629599472109,402.9767222457907,410.029454744504,15440200
2024-05-14,408.60711669921875,409.51935413927424,403.69275704643184,404.15378509704203,15109300
2024-05-15,415.7511901855469,416.46855556809163,410.0418362179186,410.66092785109674,22239500
2024-05-16,413.6973876953125,418.05067177577746,413.0684896947791,414.49335406459187,17530100
2024-05-17,412.930908203125,415.5939858480529,410.7886784280323,415.2205635959117,15352200
2024-05-20,417.9720764160156,419.3772981518083,412.71474538865465,412.9309356548489,16272100
2024-05-21,421.60797119140625,425.46988664412265,417.49054998726376,419.43623228216074,21453300
2024-05-22,423.06231689453125,424.91959180983645,419.7310556819618,422.63977275649836,18073700
2024-05-23,419.6032409667969,426.0889176680517,418.05062390261264,425.46982612085486,17211700
2024-05-24,422.70855712890625,423.59296088139126,417.05816150216543,419.7900037534496,11855300
2024-05-28,422.8658142089844,423.3571529882785,419.210252491479,422.18776429444347,15718000
2024-05-29,421.7357482910156,423.4750768037088,418.3160195321069,418.3160195321069,15517100
2024-05-30,407.4869079589844,416.9500674611062,407.0643338259667,416.9500674611062,28394500
2024-05-31,407.9388732910156,409.5308058785648,397.5028441158069,409.5308058785648,47995300
2024-06-03,406.35675048828125,409.2163453409128,401.83645840787784,408.3319416725267,17484700
2024-06-04,408.86260986328125,409.226195718034,402.58328662384173,405.2856495851976,14348900
2024-06-05,416.6651306152344,416.73389525429343,409.0886648755249,410.5725176189358,16988000
2024-06-06,417.1662292480469,417.9425528471417,413.29447761268017,416.66508413024746,14861300
2024-06-07,416.5078125,418.8957113302609,415.67253073124033,418.8171103351825,13621700
2024-06-10,420.4582214355469,420.66457531575907,416.5471841383872,417.34315052242914,13982900
2024-06-11,425.1849060058594,425.3224952545953,417.88361916349896,418.1096457911631,14551100
2024-06-12,433.41973876953125,435.71920053687387,425.7450298401941,427.7791794767063,22366200
2024-06-13,433.9307556152344,435.7094296372952,431.7590465451533,433.2134201697404,15960600
2024-06-14,434.9035949707031,435.4637283515464,429.15492551069684,430.68790003484014,13582000
2024-06-17,440.6031799316406,443.12866872845996,433.0857017909196,434.9233042265467,20790000
2024-06-18,438.6083068847656,442.3424996772447,437.18344238899346,441.9199255268032,17112500
2024-06-20,437.9793701171875,438.79497924029823,433.6260860366594,438.5689526211533,19877400
2024-06-21,441.98870849609375,442.77483854275334,438.7753636944757,439.63028836717615,34187100
2024-06-24,439.91522216796875,444.90721036131976,438.6770389987755,442.0082999216464,15913700
2024-06-25,443.1384582519531,443.60031790530934,439.01120049902784,440.4852168409384,16413400
2024-06-26,444.3274230957031,445.7424809709231,440.42619256271684,441.22215886891127,16507000
2024-06-27,445.0055236816406,448.2680202655606,443.94421515967235,444.3471165440364,14806300
2024-06-28,439.20770263671875,447.49166642517747,438.6770484115445,445.22168389223947,28362300
2024-07-01,448.81829833984375,449.447196335744,437.94005138791704,440.88808384173325,17662800
2024-07-02,451.3240966796875,451.6287242891569,445.2609636362825,445.3494309967801,13979800
2024-07-03,452.7882995605469,453.03396893483153,449.94837718806366,450.25300481306164,9932800
2024-07-05,459.4606628417969,460.2369864186551,451.0194672052492,451.6483651745115,16000300
2024-07-08,458.1635437011719,459.598274429734,456.4143789671548,458.46817132419625,12962300
2024-07-09,451.57965087890625,459.23468742094946,450.0663190511327,458.9104170237532,17207200
2024-07-10,458.1733703613281,458.37972423311413,450.91136946375343,453.2305038870679,18196100
2024-07-11,446.8234558105469,456.72883147324404,443.7279978013262,454.96002402992053,23111200
2024-07-12,445.6933288574219,448.4546499899947,442.84357035631416,446.45981604032585,16324300
2024-07-15,446.0962829589844,449.3391368001631,443.61011000854984,445.44771219074863,14429400
2024-07-16,441.7331848144531,446.43038212668165,438.92274152217504,446.3517811207802,17175700
2024-07-17,435.8371276855469,437.14410559537976,431.5723108003405,434.92324477920374,21778000
2024-07-18,432.74163818359375,436.94749622050165,426.87505295560237,436.6428686281901,20794800
2024-07-19,429.53814697265625,433.49836608097274,424.51667935003445,425.5976305961669,20940400
2024-07-22,435.26715087890625,436.89839903999433,431.3069619660928,434.1370778123692,15808800
2024-07-23,437.1440734863281,440.6227600869156,435.4243879336588,436.21051790501895,13107100
2024-07-24,421.4703369140625,433.8324355773718,420.183031900693,432.82027904039575,26805800
2024-07-25,411.1522216796875,422.35473813773996,410.2776543804513,421.37206072933304,29943800
2024-07-26,417.9032287597656,421.49002544679837,410.04180915234855,410.95572197330205,23583800
2024-07-29,419.33795166015625,424.66404655168895,417.3431176712943,424.1039132176947,15125800
2024-07-30,415.5940246582031,421.6178131681188,410.1303096009262,420.31086515251326,32687600
2024-07-31,411.1031188964844,414.47369536650564,405.0694649339739,413.21586942488864,42891400
2024-08-01,409.8846130371094,420.05533154219523,405.9342601346404,413.50088916463085,30296400
2024-08-02,401.4139099121094,407.81114983489476,397.3358044115477,405.3446197900361,29437900
2024-08-05,388.30499267578125,394.09297731515574,378.9007621776494,382.42860065253456,40709200
2024-08-06,392.6877136230469,398.6427664419344,391.5969560698374,393.07097221564607,24946500
2024-08-07,391.5281677246094,402.9763539760022,390.58480577308114,401.56132604317764,20650900
2024-08-08,395.71441650390625,398.82948747665125,393.01205329948556,395.4687471216862,20203000
2024-08-09,398.9866638183594,400.98149772413467,395.29181721770595,397.03114540515713,19276700
2024-08-12,399.7630310058594,401.6792641246606,397.23754263585204,400.008700380632,16762900
2024-08-13,406.8382873535156,407.7620065253935,402.47519721922214,402.49483997156227,19414300
2024-08-14,409.6389465332031,410.48406481515934,405.3053649551057,407.61463319199424,18267000
2024-08-15,414.482421875,414.56116454959863,411.16483466760724,413.27153919674845,20752100
2024-08-16,411.9622802734375,414.787643452163,410.81046198721873,414.0591609720714,22775600
2024-08-19,414.9746398925781,415.19121979816396,409.98347800679744,412.44459964164133,15234000
2024-08-20,418.1938171386719,419.2373304106215,415.08298552534507,415.14205004692775,16387600
2024-08-21,417.5440979003906,419.76893159636126,415.1617187597954,417.48500333716095,16067300
2024-08-22,409.0876159667969,420.1528389914807,408.1622318516386,417.7606059891525,19361900
2024-08-23,410.3083801269531,412.73996960606866,405.6814592418378,410.4954277824997,18493800
2024-08-26,407.0596923828125,410.7907614506505,404.94313363943934,409.89490950861074,13152800
2024-08-27,407.40423583984375,407.91613833509496,403.8700687036349,406.43946532338146,13492900
2024-08-28,404.2146301269531,408.5461982686738,400.97578558888256,408.4280692350888,14882700
2024-08-29,406.6954345703125,415.48655408743093,404.2146347079457,408.4871383812944,17045200
2024-08-30,410.6529846191406,410.9975176628722,405.72088654420793,409.1369250633482,24308300
2024-09-03,403.0726623535156,413.3503087826454,400.7001374742272,411.41094371784055,20313600
2024-09-04,402.54107666015625,404.8446830658677,398.0815251485243,399.59758459335677,15135800
2024-09-05,402.03900146484375,406.67574622741506,399.8141378862011,401.28095677141835,14195500
2024-09-06,395.4530029296875,404.26379961304895,394.56697518152896,402.6985299905477,19609500
2024-09-09,399.4105529785156,402.2949806412775,395.8960636873458,400.9069042814964,15295100
2024-09-10,407.7586975097656,409.855548179251,401.3597804269513,401.85200481793703,19594300
2024-09-11,416.4611511230469,417.3963592828998,403.21045111442425,409.03840014283475,19266900
2024-09-12,420.3595886230469,420.7238298297295,413.2223356546228,416.72697057085117,17395700
2024-09-13,423.8937683105469,425.11447510259467,418.84354159900835,419.20778281644255,15874600
2024-09-16,424.6320495605469,426.7879943677343,421.5605747785227,423.90356722052456,13834700
2024-09-17,428.3828125,434.9786302945307,425.5475956574911,433.38382833136643,18874200
2024-09-18,424.1103515625,429.2491750935579,423.71657808226,428.2351941115192,18898000
2024-09-19,431.8677978515625,434.63409626466625,430.1056262859268,434.36830593406904,21706600
2024-09-20,428.5009765625,432.4092391189892,427.4673174405253,430.42066355244185,55167100
2024-09-23,426.76837158203125,429.67247726227924,423.6968964015023,427.52638627626743,15128900
2024-09-24,422.495849609375,426.61083784634445,419.4735849772464,426.2662748026867,17015800
2024-09-25,425.3901062011719,426.384408985251,421.9051794925785,423.14556440453987,13396400
2024-09-26,424.6025390625,428.53047950890726,422.45644824495844,428.3237537072511,14492000
2024-09-27,421.36370849609375,425.1341637224931,420.8222737453315,424.80927883764434,14896100
2024-09-30,423.6082458496094,423.7264049247719,418.7549211722127,421.5507517579481,16807300
2024-10-01,414.147705078125,421.81656847562806,412.2969368087723,421.78703621784,19092900
2024-10-02,410.64306640625,416.2445815766932,410.22958475813624,416.0082934736332,16582300
2024-10-03,410.062255859375,413.02542591560956,407.84724636027164,411.1353013004486,13686400
2024-10-04,409.5897216796875,413.2223397680441,408.51667620718774,411.73581262468696,19169700
2024-10-07,403.17108154296875,410.62333449191044,402.63947089552033,409.5306109841967,20919800
2024-10-08,408.2607116699219,409.19594995144206,401.82243880752753,404.5099645290717,19229300
2024-10-09,410.96795654296875,413.8425600403991,407.857094965171,409.3928325735408,14974300
2024-10-10,409.3731384277344,410.859665558973,406.7249690560659,408.77263914925425,13848400
2024-10-11,409.8457336425781,410.6431347710615,406.82346860139154,409.66854006802475,14144900
2024-10-14,412.621826171875,417.4456186019399,411.02699410502277,411.27310627026066,16653100
2024-10-15,412.22802734375,415.9098858066577,408.80216519233556,415.61453317923247,18900200
2024-10-16,409.6487731933594,409.8850312589263,404.09649835161355,408.71356498849764,15508900
2024-10-17,410.23944091796875,415.9295528895068,409.12700914123224,415.79171565844746,14820000
2024-10-18,411.6570739746094,413.12389293089865,409.78662744422246,410.6529471112624,17145300
2024-10-21,412.2674560546875,412.4446496235521,407.3156799270225,409.6488187127166,14206100
2024-10-22,420.86163330078125,423.8838676895073,411.5389037972299,411.9818876442807,25482200
2024-10-23,417.9969482421875,424.3761569602065,415.95913210482394,424.15957703194096,19654400
2024-10-24,418.1249084472656,419.35546932603506,415.83112614516494,418.7155536346828,13581600
2024-10-25,421.49169921875,425.7937351729216,419.9362835126177,420.1233311665373,16899100
2024-10-28,419.9559326171875,425.2227387354677,419.6704341057476,424.9470943239702,14882400
2024-10-29,425.23260498046875,426.43363353122214,419.17822176857095,421.3440208086144,17644100
2024-10-30,425.8035583496094,431.68071778433335,425.38025265537163,430.63720465561414,29749100
2024-10-31,400.03070068359375,409.6881391925744,399.981460227055,408.90056227484143,53971000
2024-11-01,403.9881896972656,409.0384161036912,401.162826864631,402.64935394725995,24230400
2024-11-04,402.1078796386719,404.0374205874987,399.26283871579096,403.42703719981586,19672300
2024-11-05,405.0612487792969,408.4477546696806,401.73380740675793,402.019305938334,17626000
2024-11-06,413.6456298828125,413.91145024796907,404.1358522419557,406.00632872643234,26681800
2024-11-07,418.8139953613281,420.2119257079772,413.35031719618456,414.7285393416903,19901800
2024-11-08,415.968994140625,419.8674028807744,415.2208034572557,418.70576053564287,16891400
2024-11-11,411.5094299316406,418.20366938728347,409.5306783384117,415.94927334689254,24503300
2024-11-12,416.4513244628906,417.8394007087299,410.71200186963034,411.7456609678349,19401200
2024-11-13,418.58758544921875,422.65333320998997,411.70626883397995,415.0829505962656,21502200
2024-11-14,420.2513427734375,421.51143597611144,413.4684764416515,418.390720208814,30246900
2024-11-15,408.54620361328125,416.2248913266483,407.2073678244848,413.2912534776132,28247600
2024-11-18,409.2944030761719,411.8933320342017,405.6913172118432,408.4182293083614,24727000
2024-11-19,411.2928466796875,411.4405079817959,405.1498661250552,406.68560375296545,18133500
2024-11-20,409.0285949707031,410.8006207181085,404.19494808048387,410.38713903081657,19191700
2024-11-21,407.26287841796875,414.0790385036892,404.71793020151534,413.80284233986384,20780200
2024-11-22,411.3367919921875,411.73135363774225,405.4774597411712,405.7832472742104,24814600
2024-11-25,413.1025390625,415.36141754143,409.2160446876401,412.69810354496985,27691100
2024-11-26,422.17755126953125,423.21330950979313,413.161695275106,413.891635863064,23458900
2024-11-27,417.2453918457031,421.4278291631969,416.28856414583527,419.3365954528895,18332400
2024-11-29,417.70904541015625,419.1097738504757,412.1259094010287,414.38481768654003,16271900
2024-12-02,425.126953125,427.1195090506518,415.58826631722377,415.84474493949193,20207200
2024-12-03,425.3439636230469,426.5967051479557,421.93093157664276,424.00241788094525,18302000
2024-12-04,431.4794921875,433.698935348809,426.754535872994,427.1490975254907,26009400
2024-12-05,436.60888671875,438.62119043191433,430.2465005729482,431.9727342727058,21697800
2024-12-06,437.5459899902344,440.04162946603964,435.7704172944161,436.29321828806303,18821000
2024-12-09,439.9626770019531,442.2413029263077,434.51765390142566,436.5891402244184,19144400
2024-12-10,437.3092041015625,443.51378920495125,435.6027181772746,438.3548361326827,18469500
2024-12-11,442.892333984375,444.2338797106506,438.019420871054,438.019420871054,19200200
2024-12-12,443.45458984375,449.96496224230685,443.0106891858234,443.0106891858234,20834800
2024-12-13,441.1956787109375,445.2991859531554,439.5286279530639,442.34980235220513,20177800
2024-12-16,445.45703125,446.039014950384,439.23272866925197,441.19569319284585,23598800
2024-12-17,448.2880859375,449.1068307764244,443.4645114369834,444.8849575716068,22733500
2024-12-18,431.4499206542969,446.50265760588917,431.08492025325205,445.1907332778121,24444500
2024-12-19,431.09478759765625,437.1612597390131,430.39443838506674,435.6224481744677,22963700
2024-12-20,430.6706237792969,437.7136411325363,422.80886164173944,427.22800034083093,64263700
2024-12-23,429.3389587402344,431.70635881030796,426.9518110200716,430.80871372187636,19152500
2024-12-24,433.363525390625,433.6298778354008,428.2933464556966,428.74709084992185,7164500
2024-12-26,432.16009521484375,434.9516783695283,430.7002140852734,433.1169230295789,8194200
2024-12-27,424.6830749511719,429.3093836032803,420.5598497453618,428.6978084898888,18117700
2024-12-30,419.0604553222656,421.7435167493127,416.17025429217676,420.27376177490316,13158700
2024-12-31,415.7756652832031,420.93464819489714,414.9470768224156,420.3131993235258,13246500
2025-01-02,412.8953552246094,420.2836558558519,409.21603069875914,419.7509810335182,16896500
2025-01-03,417.60052490234375,418.27128265418503,413.8422706035205,415.3613343174338,16662900
2025-01-06,422.0394287109375,428.42156165470556,419.70162020085996,422.1873855590837,20573600
2025-01-07,416.6339111328125,424.8014616583564,415.085225621156,423.1738758487943,18139100
2025-01-08,418.7941589355469,421.1714329663283,415.81518360520914,417.7090917280971,15054600
2025-01-10,413.2603454589844,418.9420997125399,409.383695034764,418.8631994200863,20201100
2025-01-13,411.52423095703125,412.8164377086338,406.690782868284,409.6007014640922,17604800
2025-01-14,410.02490234375,414.03960580749714,405.1421150215387,412.1358238822972,16935900
2025-01-15,420.5203857421875,422.3353935398116,412.5895665870108,413.43790279096226,19637800
2025-01-16,418.8138427734375,423.6571645662551,418.6264508238549,422.8779150872359,15300000
2025-01-17,423.20343017578125,428.57942688248704,422.3551241092644,428.1947089431654,26197500
2025-01-21,422.68060302734375,425.0480029513297,419.819993531564,424.35752761269225,26085700
2025-01-22,440.1402282714844,441.1956738632283,430.07874109453735,431.6175525305707,27803800
2025-01-23,440.6433410644531,440.6828062638951,435.50410512705025,435.9973147591307,18389300
2025-01-24,438.029296875,440.5841189283991,435.40541825453283,439.1143639891968,15549500
2025-01-27,428.6583557128906,429.2896784954125,417.74856099112463,418.2516444520013,35647800
2025-01-28,441.1266784667969,442.29064589853647,425.52151949148305,428.69779052094407,23491700
2025-01-29,436.3227844238281,440.81100977301065,434.41900262341227,440.6235877197962,23581400
2025-01-30,409.35406494140625,417.11717867451154,407.548931179693,413.08272804700266,54586300
2025-01-31,409.42315673828125,414.976701732093,409.27519987674,413.2899333042713,34161900
2025-02-03,405.33941650390625,409.7684293585694,403.11009933813943,406.0101743775102,25679100
2025-02-04,406.7696533203125,408.2986210393196,404.1753661823544,407.085314667825,20532100
2025-02-05,407.67718505859375,408.20982973334895,404.82641922275565,406.74994863541014,16316700
2025-02-06,410.1728210449219,412.5205034548323,408.37753095462284,408.37753095462284,16309800
2025-02-07,404.185302734375,412.96442836557605,402.5577169319091,410.82391537114063,22886800
2025-02-10,406.6216735839844,409.8176617640726,405.33934082368563,408.09142837737437,20817900
2025-02-11,405.85235595703125,406.8880841725034,403.74140422239867,404.0768132724711,18140600
2025-02-12,403.48492431640625,405.17169274595005,398.8783333348811,401.67976029438313,19121700
2025-02-13,404.96453857421875,405.4182829681306,400.8412835235649,401.4726062482461,23891700
2025-02-14,402.8831787109375,403.3566707547541,400.3678218416371,402.25188608897315,22758500
2025-02-18,404.0767822265625,405.0237362453633,400.9794114377888,402.4590402622825,21423100
2025-02-19,409.1370849609375,409.8473079963777,402.11378500109834,402.34067225656025,24114200
2025-02-20,411.30169677734375,414.4447923675228,407.75335474991726,410.47144681938056,23508700
2025-02-21,403.4735412597656,413.19936436928833,403.15727713591093,412.49761092708707,27524800
2025-02-24,399.3124694824219,404.62015762933447,394.68677781775386,403.77015051435643,26443700
2025-02-25,393.2831726074219,397.2565479767241,392.0971142682963,396.4460551720573,29387400
2025-02-26,395.09197998046875,398.9170718958632,389.6755530638089,393.3919357776839,19619000
2025-02-27,387.9754943847656,401.0322110218146,387.61968592381214,396.61407498406965,21127400
2025-02-28,392.38372802734375,393.01631660620876,382.0846478468725,388.10398215130573,32845700
2025-03-03,383.9823913574219,394.1925506012372,381.6794393165997,394.1925506012372,23007700
2025-03-04,384.10101318359375,388.02495119005715,376.57932513123166,378.9514723277071,29342900
2025-03-05,396.36700439453125,397.00948665687173,384.29868393839774,384.82253320835395,23433100
2025-03-06,392.2848815917969,397.48382905920323,388.12370869732325,389.70514985658184,23304600
2025-03-07,388.7464599609375,390.2191619837315,381.0666253730808,387.76795648683793,22034100
2025-03-10,375.7490234375,381.9166113327009,372.8431337183802,381.3631114017718,32840100
2025-03-11,376.0357360839844,381.5213286139445,372.53680146387217,374.6025480432253,30380200
2025-03-12,378.82293701171875,380.7503233781215,374.55308456142495,378.5066728711865,24253600
2025-03-13,374.3751525878906,380.8491715851453,373.07049136146827,378.71423026442886,20473000
2025-03-14,384.05157470703125,385.7022111357248,375.10659301872727,375.3734493768336,19952800
2025-03-17,384.18994140625,388.1533930243756,381.09625384575537,382.2131473268013,22474300
2025-03-18,379.070068359375,382.8754034622388,376.6781641211092,382.57889637930924,19486900
2025-03-19,383.3201599121094,385.158563988563,379.54447585576617,381.0567221702146,19185500
2025-03-20,382.35150146484375,387.24407880313566,378.83281046953476,381.26425870483627,18470500
2025-03-21,386.72027587890625,387.19468720298374,378.35841433019584,378.7735544022507,39675900
2025-03-24,388.5191345214844,390.81222312553433,385.28708673252123,390.81222312553433,21004500
2025-03-25,390.57501220703125,391.7610706609813,388.0842623065983,389.34940942223693,15775000
2025-03-26,385.4452209472656,390.72325787798576,384.0614710304359,390.4168571879551,16108400
2025-03-27,386.04815673828125,387.6888996743445,382.9050609496304,385.6033961060126,13766800
2025-03-28,374.40478515625,384.6149434292676,372.55648752516225,383.5771084434194,21632000
2025-03-31,371.034423828125,372.694923815259,362.9789628551185,368.2174858935481,35184700
2025-04-01,377.7554931640625,378.4078388750376,368.89946352111616,370.30297052308924,19689500
2025-04-02,377.7060852050781,380.61194495123306,372.2501138660857,373.584455994143,16092600
2025-04-03,368.78082275390625,373.10014336261634,365.0644702169303,370.4413527847735,30198000
2025-04-04,355.6648254394531,370.24368334469244,355.3090169453245,359.9050576420754,49209900
2025-04-07,353.707763671875,366.6953157485582,340.7894367933375,346.8087713756296,50425000
2025-04-08,350.446044921875,369.3145404099518,346.1860561796805,363.98709615832223,35868900
2025-04-09,385.95916748046875,388.66739600040677,349.00301621371585,349.43791334353114,50199700
2025-04-10,376.9252624511719,379.4456631401157,363.5324628545339,377.627015987976,38024400
2025-04-11,383.94287109375,385.52428234575257,374.4937970946495,376.2234920445777,23839200
2025-04-14,383.3102722167969,390.0709046779098,379.75203666792555,388.6575040815548,19251200
2025-04-15,381.25439453125,387.342923812398,379.7026039659422,384.00213704858294,17199900
2025-04-16,367.2982482910156,377.18221973337427,363.730149078798,376.25315416820064,21967800
2025-04-17,363.5126953125,369.97682098932336,362.6330375516977,369.41342738591277,21120200
2025-04-21,354.95318603515625,360.2510105389955,351.5432339047138,358.6102676210093,20807300
2025-04-22,362.5638122558594,363.5027713530303,355.6845470865514,359.1637239988867,19485000
2025-04-23,370.0460205078125,375.9764033603888,368.69189108581185,371.6966268435602,20545500
2025-04-24,382.8061828613281,383.9428636514652,370.8367085183124,371.3408006891215,22232300
2025-04-25,387.30340576171875,387.60980644654984,380.1375268589871,382.5096738423667,18973200
2025-04-28,386.62139892578125,388.18305301396595,382.1538550582223,387.41210451108003,16579400
2025-04-29,389.4679870605469,390.51568553400665,385.85045019118235,386.75975859738145,14974000
2025-04-30,390.6738586425781,392.0576085897077,379.97939447353656,385.7713871677669,36461100
2025-05-01,420.4641418457031,431.9196612018972,419.96994327038766,426.10788113002934,58938100
2025-05-02,430.2295227050781,434.34125858777406,425.00089318437847,426.73058824697114,30757400
2025-05-05,431.1091613769531,434.40051033348516,427.0962415401901,427.84743296236513,20136100
2025-05-06,428.2823486328125,432.65107712392626,426.1671945058241,427.18524232094876,15104200
2025-05-07,428.3218994140625,433.0365428333408,426.1078693467033,428.80620435216304,23295300
2025-05-08,433.0859680175781,438.5221520354275,430.60508165893515,432.8487322038109,23491300
2025-05-09,433.63946533203125,435.6261229679929,430.8225275981773,434.89471877509555,15324200
2025-05-12,444.0472717285156,444.15598092637396,434.6772567640601,440.7657862582039,22821900
2025-05-13,443.9287109375,445.4409573721911,440.19254074927665,442.5844751269483,23618800
2025-05-14,447.6845397949219,448.6333924695745,442.94024625817593,442.94024625817593,19902800
2025-05-15,448.6946105957031,451.7246558325709,446.0210270484144,446.3576953837484,21992300
2025-05-16,449.82342529296875,449.91254071320964,444.3376746324017,447.6251542704443,23849800
2025-05-19,454.3783874511719,455.0913410046994,446.3873726676465,446.46660651740484,21336500
2025-05-20,453.6852722167969,453.8535912700005,449.87295142774695,451.13050930908776,15441800
2025-05-21,448.1401062011719,453.2991005803846,447.38753565613104,450.12052955644793,19216900
2025-05-22,450.4076232910156,455.74487819469795,449.45702863862556,450.4967689255183,18025600
2025-05-23,445.7734375,449.24908978205974,444.5158796844098,445.57541331723985,16883500
2025-05-27,456.1806335449219,456.43809825868186,451.6553587930952,452.0118507212909,20974300
2025-05-28,452.8831787109375,457.9926743719098,452.45739496057166,456.7054113344306,17086300
2025-05-29,454.1902770996094,457.2005290082406,450.8532686393741,457.0321797296883,13974800
2025-05-30,455.8537902832031,457.16087682654637,451.08099341488645,455.2200705832806,34770500
2025-06-02,457.4480895996094,457.5867035205711,452.41782757710985,452.6653804963421,16626500
2025-06-03,458.4383239746094,459.59688499027794,456.3489615190331,456.9530063856754,15743800
2025-06-04,459.3294677734375,461.1316602074749,458.48778183720145,459.4582001214203,14162700
2025-06-05,463.1022033691406,465.0529216385449,459.4879366863286,460.4088263203011,20131700
2025-06-06,465.7757568359375,468.7067748339504,464.19141216551986,465.4885869985769,15285600
2025-06-09,468.12255859375,468.7958952647425,464.0329796350046,465.10242514198006,16469900
2025-06-10,466.31048583984375,468.172058367284,462.38922592870773,466.57783210788693,15375900
2025-06-11,467.99383544921875,470.81594475736864,465.0628173622344,465.4192790589967,16399200
2025-06-12,474.1826477050781,475.7174938929388,468.88500933710617,470.37032681118086,18950600
2025-06-13,470.3109436035156,474.48963821321644,468.1324959807857,471.7467626653197,16814500
2025-06-16,474.45001220703125,475.98482813726486,470.3505215770748,470.5584575569121,15626100
2025-06-17,473.3608093261719,474.0539393845567,469.4395492382731,470.74663593423935,15414100
2025-06-18,475.5392150878906,476.29178558337986,469.81579317674493,473.3211507460615,17526500
2025-06-20,472.7270202636719,478.7277002496467,472.2022093150259,477.5097592999014,37576200
2025-06-23,481.2428283691406,482.97569863590195,467.8848838113984,473.5290716918197,24864000
2025-06-24,485.3126220703125,487.0356109071577,482.0350238939456,484.1640031375646,22305600
2025-06-25,487.45147705078125,489.71907018583636,484.59969288856837,487.2237477118272,17495100
2025-06-26,492.5807800292969,493.1650012559548,487.9861836300842,488.15453290095326,21578900
2025-06-27,491.0855712890625,494.4126679494895,488.2040517426954,492.6797975508017,34539200
2025-06-30,492.5411376953125,495.8583524786177,490.48148071954876,492.17476425163517,28369000
2025-07-01,487.2336120605469,493.1748817381986,486.1741086010328,491.61036068604886,19945400
2025-07-02,486.2829895019531,488.6694029786285,483.91639959647097,485.193750746375,16319600
2025-07-03,493.9571533203125,495.2345347518064,488.6100166980764,488.9763901568408,13984800
2025-07-07,492.8481140136719,493.8680307430937,490.3824968234557,492.51144569917784,13981600
2025-07-08,491.7589416503906,493.32349309723224,489.2735005525455,492.3728680843929,11846600
2025-07-09,498.58148193359375,501.8194631786975,494.8483646402868,495.40288075164045,18659500
2025-07-10,496.5713806152344,499.50239882384955,492.87788004768845,498.125990037999,16492100
2025-07-11,498.3932800292969,500.0865333029929,492.92729298333927,493.5907480120544,16459500
2025-07-14,498.09625244140625,499.0369655948213,496.1257409313552,496.6109349689791,12058800
2025-07-15,500.8688659667969,503.3245715280963,497.8685258646023,498.0962552049,14927200
2025-07-16,500.6708068847656,501.7600457375481,496.9773367906475,500.2351113436526,15154400
2025-07-17,506.6912841796875,508.3449206172861,500.67078077223215,500.730191050298,17503100
2025-07-18,505.05743408203125,509.6025320949179,502.4630844244223,509.4440643876484,21209700
2025-07-21,505.06732177734375,507.0774803175347,500.60145783110823,501.7501069031347,14066800
2025-07-22,500.32421875,506.19619667447284,500.32421875,505.968437121084,13868600
2025-07-23,500.9183349609375,501.8293429250601,495.79895793496456,501.78972599996087,16396600
2025-07-24,505.87933349609375,508.6420022469781,502.334358860161,503.7899711970312,16107000
2025-07-25,508.6816101074219,513.2167356071609,505.36436506751977,507.4536969863606,19125700
2025-07-28,507.48345947265625,509.9589885432546,505.12675096242896,509.0480107678364,14308000
2025-07-29,507.55279541015625,512.5533521818816,506.5526719682665,510.4838436674275,16469200
2025-07-30,508.2162170410156,510.89971236727115,504.4534248625209,510.12731827097724,26380400
2025-07-31,528.2779541015625,550.0131135040644,526.6936395202101,549.7952354974353,51617300
2025-08-01,518.979736328125,530.5553112156109,515.7615489434008,529.7631541007601,28977600
2025-08-04,530.3969116210938,532.9813491761439,522.9604134562841,523.0990575737549,25349000
2025-08-05,522.584228515625,532.0407382325785,522.0792108748774,531.9219176627233,19171600
2025-08-06,519.8017578125,526.495598904166,518.9006917137275,525.7034415927023,21355700
2025-08-07,515.7418212890625,522.9208551796034,512.483986539974,521.6434435727333,16079100
2025-08-08,516.9300537109375,519.524403327164,514.3257923084495,517.4845698020915,15531000
2025-08-11,516.6627807617188,522.4258201385037,514.6327984158801,517.1875615378566,20194400
2025-08-12,524.0595703125,525.7825288027884,517.5836082950698,518.6233183732385,18667000
2025-08-13,515.484375,527.4857348349631,514.2861971986356,526.9014833945702,19619200
2025-08-14,517.3657836914062,520.8018496782777,515.0487221853349,517.445017549053,20269100
2025-08-15,515.0783081054688,520.9502551513766,513.9990113965767,517.6528943134479,25213300
2025-08-18,512.0383911132812,517.7024328589179,508.9885829187347,516.4844919382945,23760600
2025-08-19,504.7801818847656,510.11740696385556,503.5721224631474,509.9589996924715,21481000
2025-08-20,500.7698669433594,505.9981835608303,499.50239716393804,504.87923949406314,27723000
2025-08-21,500.1251220703125,503.48747238505433,498.6175369804135,499.57962247206007,18443300
2025-08-22,503.0907287597656,506.56216679087737,498.310055406757,500.1350363394598,24324200
2025-08-25,500.1449890136719,504.04291093011733,500.00611695670057,502.4956437530773,21638600
2025-08-26,497.94305419921875,500.85906441774694,494.44186237473224,500.2440985723917,30835700
2025-08-27,502.6047058105469,503.1502356611414,495.82052770460996,497.90339657266526,17277900
2025-08-28,505.4810485839844,506.919197559233,501.3748189208979,502.9518399416591,18015600
2025-08-29,502.55511474609375,505.44137107101903,500.3730559294206,504.5090396010348,20961600
2025-09-02,500.9979553222656,501.87077891116434,492.75577163159113,496.3859077753076,18128000
2025-09-03,501.22607421875,503.64616490840893,498.220801883355,499.6788070917271,16345100
2025-09-04,503.8246765136719,504.0032003466391,499.04400319618804,500.18461248708434,15509500
2025-09-05,490.9605407714844,507.79205789513924,488.35199810583333,504.9157294675595,31994800
2025-09-08,494.1344299316406,497.1099483047291,490.990285532587,494.0451377441344,16771000
2025-09-09,494.34271240234375,498.15137232357364,493.63851485593227,497.33805669614713,14410500
2025-09-10,496.28668212890625,499.1233585890913,492.66647432597284,498.87539873589674,21611800
2025-09-11,496.9215087890625,499.0638857033828,493.8170463660224,498.15138006137016,18881600
2025-09-12,505.7389221191406,508.3672905695674,499.73830564164535,502.51544395369297,23624900
2025-09-15,511.1544189453125,511.26350676755015,502.8626547877709,504.63805606783444,17143800
2025-09-16,504.885986328125,513.0091239663263,504.4495745277025,512.6620043570016,19711900
2025-09-17,505.8579406738281,507.1175961354426,501.80132099339164,506.4530503919847,15816600
2025-09-18,504.3008117675781,508.88310546808697,503.51725007824297,507.31598208941665,18913700
2025-09-19,513.703369140625,515.0621842649809,506.1455578149837,506.39351766303514,52474100
2025-09-22,510.25189208984375,513.5150225661836,508.3574445613838,511.3826037577857,20009300
2025-09-23,505.0744323730469,510.3907077578639,503.17008724169204,509.60711582016205,19799600
2025-09-24,505.9869079589844,508.29788064425674,502.7832857896144,506.215041937542,13533700
2025-09-25,502.8923645019531,505.84805701475193,500.9186136455738,504.15198973027213,15786500
2025-09-26,507.28619384765625,509.74596656687834,502.4856945681329,505.8976246789574,16213100
2025-09-29,510.4005432128906,512.6321819161793,504.7272507672145,507.3258652143003,17617800
2025-09-30,513.7232666015625,513.9315141469417,505.5009089039439,509.05168089535164,19728200
2025-10-01,515.4689331054688,516.262392605391,507.5143608700387,510.5989672146665,22632300
2025-10-02,511.53125,517.3434144406598,506.51254498360566,513.4157691025699,21222900
2025-10-03,513.1281127929688,516.2425031799986,510.7973143114264,512.8801529316524,15112300
2025-10-06,524.256591796875,526.6965386672223,513.9712214168786,514.377848960065,21388600
2025-10-07,519.7039794921875,525.4764919541412,517.1847292577561,523.9788048028778,14615200
2025-10-08,520.56689453125,522.6497936321297,518.8213080060119,519.0097599169904,13363400
2025-10-09,518.136962890625,520.0512058016051,513.1777655449532,518.07745494396,18343600
2025-10-10,506.7902526855469,519.307291372133,505.4711195982234,515.3994417043425,24133800
2025-10-13,509.8550720214844,512.1957986627914,507.50441729945595,512.1957986627914,14284200
2025-10-14,509.3790283203125,511.07509568876407,501.87079590760095,506.0662879637401,14684300
2025-10-15,509.2401428222656,512.9694689959882,505.83814063109804,510.75768630195654,14694700
2025-10-16,507.4349670410156,512.6321960787722,503.9833851231019,508.3970827878481,15559600
2025-10-17,509.3888854980469,511.27334399694297,503.17003321642534,504.88592623971425,19867800
2025-10-20,512.5726928710938,514.4671401409408,509.2401268135401,510.41049011219013,14665600
2025-10-21,513.4356689453125,514.4572928075203,508.85337476268893,513.2770012430817,15586200
2025-10-22,516.2921142578125,520.943843958813,513.4852520447155,516.8971823641815,18962700
2025-10-23,516.3118896484375,519.6742395740552,514.3777908083965,518.1964086283891,14023500
2025-10-24,519.3370971679688,521.0628883153897,516.4607987679614,518.5237814648117,15532400
2025-10-27,527.1825561523438,530.2175826339089,524.6930292943027,527.4404441110845,18734700
2025-10-28,537.6464233398438,549.2013167264516,536.3570441492753,545.511702993095,29986700
2025-10-29,537.1306762695312,541.8121902511471,532.3500025514267,540.4930267482002,36023000
2025-10-30,521.469482421875,530.6042843733296,517.8591725476514,526.150935240438,41023100
2025-10-31,513.5843505859375,525.0004316167937,510.896444053691,524.5640198650095,34006400
2025-11-03,512.810791015625,520.6760707602963,510.3907002836433,515.5680732671589,22374700
2025-11-04,510.13275146484375,511.34276641791416,503.6956934801851,507.5837170627558,20958700
2025-11-05,503.02130126953125,510.6287232020861,502.4460174356622,509.11117977922714,23024300
2025-11-06,493.04339599609375,501.5732213085109,491.7639146320967,501.53353925537283,27406500
2025-11-07,492.76568603515625,495.30479262227396,489.2248119110569,492.89463000746537,24019800
2025-11-10,501.8707275390625,502.71379706788474,494.7294718777327,495.9593732946225,26101500
2025-11-11,504.5289001464844,505.4414057875519,498.2505695472254,500.68055811559174,17980000
2025-11-12,506.96881103515625,507.4944847122113,495.04688194383186,505.20330782589343,26574900
2025-11-13,499.182861328125,509.309533151825,497.1991825232493,506.1455630365654,25273100
2025-11-14,506.0166320800781,507.42505738590404,493.38060745410195,494.16416907736203,28505700
2025-11-17,503.3486022949219,507.94082387806293,500.7896697837805,504.300789978241,19092800
2025-11-18,489.76043701171875,498.87544447228873,482.8076324047851,491.3275301094218,33815100
2025-11-19,483.14483642578125,491.14898819063853,478.88983663624714,486.1005289347495,23245300
2025-11-20,475.41387939453125,490.45844852333465,472.50235794747454,489.60385435710714,26802500
2025-11-21,469.1436462402344,475.9007957312625,465.3179114267742,475.4834301610789,31769200
2025-11-24,471.0118103027344,473.89352206444323,465.0694984877541,472.0055061050608,34421000
2025-11-25,473.98297119140625,476.12935785467323,461.95927573241335,471.08139630740516,28019800
2025-11-26,482.4393310546875,485.23161394332453,478.1664510662567,483.244222260298,25709100
2025-11-28,488.9082946777344,489.5243812398697,483.5820692635899,484.5260924315005,14386700
2025-12-01,483.6715087890625,486.77183499200703,481.59468809959253,485.3608038657598,23964000
2025-12-02,486.91094970703125,490.38888506208144,483.2541563831954,483.6516286444489,19562700
2025-12-03,474.71832275390625,481.18726202656165,472.20427350128017,473.31720798581483,34615100
2025-12-04,477.8087158203125,478.28570075231454,473.48613274494215,476.7355376297969,22318200
2025-12-05,480.1141052246094,480.35258253184975,475.86108806940297,479.4781253050461,22608700
2025-12-08,487.92449951171875,489.19642891935564,481.3263751862239,481.8331697469475,21965900
2025-12-09,488.9181823730469,489.01755801519323,485.42038417588924,486.016607703579,14696100
2025-12-10,475.5430603027344,481.19719183884354,472.084987996716,480.97857754952304,35756200
2025-12-11,480.4221496582031,482.96600869209163,472.86010822118624,473.6252734590456,24669200
2025-12-12,475.5132751464844,479.4085762318817,473.3370788032073,476.79515128743174,21248100
2025-12-15,471.8266296386719,477.6894285774835,469.5411111878212,477.0733420562278,23727700
2025-12-16,473.38677978515625,474.87732355778707,467.911505956298,468.9350114671635,20705600
2025-12-17,473.1184387207031,476.9739832708393,472.0055042784347,473.903466892556,24527200
2025-12-18,480.9289245605469,486.51349034093164,474.87732052138307,475.1754171439269,28573500
2025-12-19,482.856689453125,484.7745151206103,479.44828972039977,484.2875835443981,70836100
2025-12-22,481.86297607421875,485.6489546100234,479.6470235443271,483.05539282771,16963000
2025-12-23,483.7807922363281,484.75459468390824,481.6840783901604,481.922585996358,14683600
2025-12-24,484.9433898925781,486.0762176057581,481.77349801821515,482.6181454723109,5855900
2025-12-26,484.6353759765625,485.0427948985028,482.8964083055729,483.64168016456847,8842200
2025-12-29,484.02923583984375,485.27135560420123,481.1276307272214,481.80333660098637,10893400
2025-12-30,484.4068603515625,486.5929730105466,482.43933166580535,482.8666136001516,13944500
2025-12-31,480.5711364746094,485.0626606980731,480.25314655477007,484.76453377627826,15601600
